[2026-07-20 19:36:13] laravel.EMERGENCY: Unable to create configured logger. Using emergency logger. {"exception":"[object] (InvalidArgumentException(code: 0): Log [] is not defined. at C:/Users/kings/Downloads/sbrai-app-backend-FIXED/vendor/laravel/framework/src/Illuminate/Log/LogManager.php:232)
[stacktrace]
#0 C:/Users/kings/Downloads/sbrai-app-backend-FIXED/vendor/laravel/framework/src/Illuminate/Log/LogManager.php(139): Illuminate/Log/LogManager->resolve()
#1 C:/Users/kings/Downloads/sbrai-app-backend-FIXED/vendor/laravel/framework/src/Illuminate/Log/LogManager.php(126): Illuminate/Log/LogManager->get()
#2 C:/Users/kings/Downloads/sbrai-app-backend-FIXED/vendor/laravel/framework/src/Illuminate/Log/LogManager.php(701): Illuminate/Log/LogManager->driver()
#3 C:/Users/kings/Downloads/sbrai-app-backend-FIXED/vendor/laravel/framework/src/Illuminate/Foundation/Exceptions/Handler.php(380): Illuminate/Log/LogManager->error()
#4 C:/Users/kings/Downloads/sbrai-app-backend-FIXED/vendor/laravel/framework/src/Illuminate/Foundation/Exceptions/Handler.php(343): Illuminate/Foundation/Exceptions/Handler->reportThrowable()
#5 C:/Users/kings/Downloads/sbrai-app-backend-FIXED/vendor/laravel/framework/src/Illuminate/Foundation/Console/Kernel.php(621): Illuminate/Foundation/Exceptions/Handler->report()
#6 C:/Users/kings/Downloads/sbrai-app-backend-FIXED/vendor/laravel/framework/src/Illuminate/Foundation/Console/Kernel.php(200): Illuminate/Foundation/Console/Kernel->reportException()
#7 Command line code(1): Illuminate/Foundation/Console/Kernel->handle()
#8 {main}
"} 
[2026-07-20 19:36:13] laravel.EMERGENCY: Unable to create configured logger. Using emergency logger. {"exception":"[object] (InvalidArgumentException(code: 0): Log [] is not defined. at C:/Users/kings/Downloads/sbrai-app-backend-FIXED/vendor/laravel/framework/src/Illuminate/Log/LogManager.php:232)
[stacktrace]
#0 C:/Users/kings/Downloads/sbrai-app-backend-FIXED/vendor/laravel/framework/src/Illuminate/Log/LogManager.php(139): Illuminate/Log/LogManager->resolve()
#1 C:/Users/kings/Downloads/sbrai-app-backend-FIXED/vendor/laravel/framework/src/Illuminate/Log/LogManager.php(126): Illuminate/Log/LogManager->get()
#2 C:/Users/kings/Downloads/sbrai-app-backend-FIXED/vendor/laravel/framework/src/Illuminate/Log/LogManager.php(701): Illuminate/Log/LogManager->driver()
#3 C:/Users/kings/Downloads/sbrai-app-backend-FIXED/vendor/laravel/framework/src/Illuminate/Foundation/Exceptions/Handler.php(380): Illuminate/Log/LogManager->error()
#4 C:/Users/kings/Downloads/sbrai-app-backend-FIXED/vendor/laravel/framework/src/Illuminate/Foundation/Exceptions/Handler.php(343): Illuminate/Foundation/Exceptions/Handler->reportThrowable()
#5 C:/Users/kings/Downloads/sbrai-app-backend-FIXED/vendor/laravel/framework/src/Illuminate/Foundation/Console/Kernel.php(621): Illuminate/Foundation/Exceptions/Handler->report()
#6 C:/Users/kings/Downloads/sbrai-app-backend-FIXED/vendor/laravel/framework/src/Illuminate/Foundation/Console/Kernel.php(200): Illuminate/Foundation/Console/Kernel->reportException()
#7 Command line code(1): Illuminate/Foundation/Console/Kernel->handle()
#8 {main}
"} 
[2026-07-20 19:36:13] laravel.ERROR: array_merge(): Argument #2 must be of type array, int given {"exception":"[object] (TypeError(code: 0): array_merge(): Argument #2 must be of type array, int given at C:/Users/kings/Downloads/sbrai-app-backend-FIXED/vendor/laravel/framework/src/Illuminate/Foundation/Bootstrap/LoadConfiguration.php:100)
[stacktrace]
#0 C:/Users/kings/Downloads/sbrai-app-backend-FIXED/vendor/laravel/framework/src/Illuminate/Foundation/Bootstrap/LoadConfiguration.php(100): array_merge()
#1 C:/Users/kings/Downloads/sbrai-app-backend-FIXED/vendor/laravel/framework/src/Illuminate/Foundation/Bootstrap/LoadConfiguration.php(78): Illuminate/Foundation/Bootstrap/LoadConfiguration->loadConfigurationFile()
#2 C:/Users/kings/Downloads/sbrai-app-backend-FIXED/vendor/laravel/framework/src/Illuminate/Foundation/Bootstrap/LoadConfiguration.php(39): Illuminate/Foundation/Bootstrap/LoadConfiguration->loadConfigurationFiles()
#3 C:/Users/kings/Downloads/sbrai-app-backend-FIXED/vendor/laravel/framework/src/Illuminate/Foundation/Application.php(342): Illuminate/Foundation/Bootstrap/LoadConfiguration->bootstrap()
#4 C:/Users/kings/Downloads/sbrai-app-backend-FIXED/vendor/laravel/framework/src/Illuminate/Foundation/Console/Kernel.php(474): Illuminate/Foundation/Application->bootstrapWith()
#5 C:/Users/kings/Downloads/sbrai-app-backend-FIXED/vendor/laravel/framework/src/Illuminate/Foundation/Console/Kernel.php(196): Illuminate/Foundation/Console/Kernel->bootstrap()
#6 Command line code(1): Illuminate/Foundation/Console/Kernel->handle()
#7 {main}
"} 
[2026-07-20 19:36:13] laravel.ERROR: array_merge(): Argument #2 must be of type array, int given {"exception":"[object] (TypeError(code: 0): array_merge(): Argument #2 must be of type array, int given at C:/Users/kings/Downloads/sbrai-app-backend-FIXED/vendor/laravel/framework/src/Illuminate/Foundation/Bootstrap/LoadConfiguration.php:100)
[stacktrace]
#0 C:/Users/kings/Downloads/sbrai-app-backend-FIXED/vendor/laravel/framework/src/Illuminate/Foundation/Bootstrap/LoadConfiguration.php(100): array_merge()
#1 C:/Users/kings/Downloads/sbrai-app-backend-FIXED/vendor/laravel/framework/src/Illuminate/Foundation/Bootstrap/LoadConfiguration.php(78): Illuminate/Foundation/Bootstrap/LoadConfiguration->loadConfigurationFile()
#2 C:/Users/kings/Downloads/sbrai-app-backend-FIXED/vendor/laravel/framework/src/Illuminate/Foundation/Bootstrap/LoadConfiguration.php(39): Illuminate/Foundation/Bootstrap/LoadConfiguration->loadConfigurationFiles()
#3 C:/Users/kings/Downloads/sbrai-app-backend-FIXED/vendor/laravel/framework/src/Illuminate/Foundation/Application.php(342): Illuminate/Foundation/Bootstrap/LoadConfiguration->bootstrap()
#4 C:/Users/kings/Downloads/sbrai-app-backend-FIXED/vendor/laravel/framework/src/Illuminate/Foundation/Console/Kernel.php(474): Illuminate/Foundation/Application->bootstrapWith()
#5 C:/Users/kings/Downloads/sbrai-app-backend-FIXED/vendor/laravel/framework/src/Illuminate/Foundation/Console/Kernel.php(196): Illuminate/Foundation/Console/Kernel->bootstrap()
#6 Command line code(1): Illuminate/Foundation/Console/Kernel->handle()
#7 {main}
"} 
[2026-07-20 19:36:13] laravel.ERROR: array_merge(): Argument #2 must be of type array, int given {"exception":"[object] (TypeError(code: 0): array_merge(): Argument #2 must be of type array, int given at C:/Users/kings/Downloads/sbrai-app-backend-FIXED/vendor/laravel/framework/src/Illuminate/Foundation/Bootstrap/LoadConfiguration.php:100)
[stacktrace]
#0 C:/Users/kings/Downloads/sbrai-app-backend-FIXED/vendor/laravel/framework/src/Illuminate/Foundation/Bootstrap/LoadConfiguration.php(100): array_merge()
#1 C:/Users/kings/Downloads/sbrai-app-backend-FIXED/vendor/laravel/framework/src/Illuminate/Foundation/Bootstrap/LoadConfiguration.php(78): Illuminate/Foundation/Bootstrap/LoadConfiguration->loadConfigurationFile()
#2 C:/Users/kings/Downloads/sbrai-app-backend-FIXED/vendor/laravel/framework/src/Illuminate/Foundation/Bootstrap/LoadConfiguration.php(39): Illuminate/Foundation/Bootstrap/LoadConfiguration->loadConfigurationFiles()
#3 C:/Users/kings/Downloads/sbrai-app-backend-FIXED/vendor/laravel/framework/src/Illuminate/Foundation/Application.php(342): Illuminate/Foundation/Bootstrap/LoadConfiguration->bootstrap()
#4 C:/Users/kings/Downloads/sbrai-app-backend-FIXED/vendor/laravel/framework/src/Illuminate/Foundation/Console/Kernel.php(474): Illuminate/Foundation/Application->bootstrapWith()
#5 C:/Users/kings/Downloads/sbrai-app-backend-FIXED/vendor/laravel/framework/src/Illuminate/Foundation/Console/Kernel.php(196): Illuminate/Foundation/Console/Kernel->bootstrap()
#6 Command line code(1): Illuminate/Foundation/Console/Kernel->handle()
#7 {main}
"} 
[2026-07-20 19:36:13] laravel.EMERGENCY: Unable to create configured logger. Using emergency logger. {"exception":"[object] (InvalidArgumentException(code: 0): Log [] is not defined. at C:/Users/kings/Downloads/sbrai-app-backend-FIXED/vendor/laravel/framework/src/Illuminate/Log/LogManager.php:232)
[stacktrace]
#0 C:/Users/kings/Downloads/sbrai-app-backend-FIXED/vendor/laravel/framework/src/Illuminate/Log/LogManager.php(139): Illuminate/Log/LogManager->resolve()
#1 C:/Users/kings/Downloads/sbrai-app-backend-FIXED/vendor/laravel/framework/src/Illuminate/Log/LogManager.php(126): Illuminate/Log/LogManager->get()
#2 C:/Users/kings/Downloads/sbrai-app-backend-FIXED/vendor/laravel/framework/src/Illuminate/Log/LogManager.php(701): Illuminate/Log/LogManager->driver()
#3 C:/Users/kings/Downloads/sbrai-app-backend-FIXED/vendor/laravel/framework/src/Illuminate/Foundation/Exceptions/Handler.php(380): Illuminate/Log/LogManager->error()
#4 C:/Users/kings/Downloads/sbrai-app-backend-FIXED/vendor/laravel/framework/src/Illuminate/Foundation/Exceptions/Handler.php(343): Illuminate/Foundation/Exceptions/Handler->reportThrowable()
#5 C:/Users/kings/Downloads/sbrai-app-backend-FIXED/vendor/laravel/framework/src/Illuminate/Foundation/Console/Kernel.php(621): Illuminate/Foundation/Exceptions/Handler->report()
#6 C:/Users/kings/Downloads/sbrai-app-backend-FIXED/vendor/laravel/framework/src/Illuminate/Foundation/Console/Kernel.php(200): Illuminate/Foundation/Console/Kernel->reportException()
#7 Command line code(1): Illuminate/Foundation/Console/Kernel->handle()
#8 {main}
"} 
[2026-07-20 19:36:13] laravel.ERROR: array_merge(): Argument #2 must be of type array, int given {"exception":"[object] (TypeError(code: 0): array_merge(): Argument #2 must be of type array, int given at C:/Users/kings/Downloads/sbrai-app-backend-FIXED/vendor/laravel/framework/src/Illuminate/Foundation/Bootstrap/LoadConfiguration.php:100)
[stacktrace]
#0 C:/Users/kings/Downloads/sbrai-app-backend-FIXED/vendor/laravel/framework/src/Illuminate/Foundation/Bootstrap/LoadConfiguration.php(100): array_merge()
#1 C:/Users/kings/Downloads/sbrai-app-backend-FIXED/vendor/laravel/framework/src/Illuminate/Foundation/Bootstrap/LoadConfiguration.php(78): Illuminate/Foundation/Bootstrap/LoadConfiguration->loadConfigurationFile()
#2 C:/Users/kings/Downloads/sbrai-app-backend-FIXED/vendor/laravel/framework/src/Illuminate/Foundation/Bootstrap/LoadConfiguration.php(39): Illuminate/Foundation/Bootstrap/LoadConfiguration->loadConfigurationFiles()
#3 C:/Users/kings/Downloads/sbrai-app-backend-FIXED/vendor/laravel/framework/src/Illuminate/Foundation/Application.php(342): Illuminate/Foundation/Bootstrap/LoadConfiguration->bootstrap()
#4 C:/Users/kings/Downloads/sbrai-app-backend-FIXED/vendor/laravel/framework/src/Illuminate/Foundation/Console/Kernel.php(474): Illuminate/Foundation/Application->bootstrapWith()
#5 C:/Users/kings/Downloads/sbrai-app-backend-FIXED/vendor/laravel/framework/src/Illuminate/Foundation/Console/Kernel.php(196): Illuminate/Foundation/Console/Kernel->bootstrap()
#6 Command line code(1): Illuminate/Foundation/Console/Kernel->handle()
#7 {main}
"} 
[2026-07-20 19:36:13] laravel.EMERGENCY: Unable to create configured logger. Using emergency logger. {"exception":"[object] (InvalidArgumentException(code: 0): Log [] is not defined. at C:/Users/kings/Downloads/sbrai-app-backend-FIXED/vendor/laravel/framework/src/Illuminate/Log/LogManager.php:232)
[stacktrace]
#0 C:/Users/kings/Downloads/sbrai-app-backend-FIXED/vendor/laravel/framework/src/Illuminate/Log/LogManager.php(139): Illuminate/Log/LogManager->resolve()
#1 C:/Users/kings/Downloads/sbrai-app-backend-FIXED/vendor/laravel/framework/src/Illuminate/Log/LogManager.php(126): Illuminate/Log/LogManager->get()
#2 C:/Users/kings/Downloads/sbrai-app-backend-FIXED/vendor/laravel/framework/src/Illuminate/Log/LogManager.php(701): Illuminate/Log/LogManager->driver()
#3 C:/Users/kings/Downloads/sbrai-app-backend-FIXED/vendor/laravel/framework/src/Illuminate/Foundation/Exceptions/Handler.php(380): Illuminate/Log/LogManager->error()
#4 C:/Users/kings/Downloads/sbrai-app-backend-FIXED/vendor/laravel/framework/src/Illuminate/Foundation/Exceptions/Handler.php(343): Illuminate/Foundation/Exceptions/Handler->reportThrowable()
#5 C:/Users/kings/Downloads/sbrai-app-backend-FIXED/vendor/laravel/framework/src/Illuminate/Foundation/Console/Kernel.php(621): Illuminate/Foundation/Exceptions/Handler->report()
#6 C:/Users/kings/Downloads/sbrai-app-backend-FIXED/vendor/laravel/framework/src/Illuminate/Foundation/Console/Kernel.php(200): Illuminate/Foundation/Console/Kernel->reportException()
#7 Command line code(1): Illuminate/Foundation/Console/Kernel->handle()
#8 {main}
"} 
[2026-07-20 19:36:13] laravel.ERROR: array_merge(): Argument #2 must be of type array, int given {"exception":"[object] (TypeError(code: 0): array_merge(): Argument #2 must be of type array, int given at C:/Users/kings/Downloads/sbrai-app-backend-FIXED/vendor/laravel/framework/src/Illuminate/Foundation/Bootstrap/LoadConfiguration.php:100)
[stacktrace]
#0 C:/Users/kings/Downloads/sbrai-app-backend-FIXED/vendor/laravel/framework/src/Illuminate/Foundation/Bootstrap/LoadConfiguration.php(100): array_merge()
#1 C:/Users/kings/Downloads/sbrai-app-backend-FIXED/vendor/laravel/framework/src/Illuminate/Foundation/Bootstrap/LoadConfiguration.php(78): Illuminate/Foundation/Bootstrap/LoadConfiguration->loadConfigurationFile()
#2 C:/Users/kings/Downloads/sbrai-app-backend-FIXED/vendor/laravel/framework/src/Illuminate/Foundation/Bootstrap/LoadConfiguration.php(39): Illuminate/Foundation/Bootstrap/LoadConfiguration->loadConfigurationFiles()
#3 C:/Users/kings/Downloads/sbrai-app-backend-FIXED/vendor/laravel/framework/src/Illuminate/Foundation/Application.php(342): Illuminate/Foundation/Bootstrap/LoadConfiguration->bootstrap()
#4 C:/Users/kings/Downloads/sbrai-app-backend-FIXED/vendor/laravel/framework/src/Illuminate/Foundation/Console/Kernel.php(474): Illuminate/Foundation/Application->bootstrapWith()
#5 C:/Users/kings/Downloads/sbrai-app-backend-FIXED/vendor/laravel/framework/src/Illuminate/Foundation/Console/Kernel.php(196): Illuminate/Foundation/Console/Kernel->bootstrap()
#6 Command line code(1): Illuminate/Foundation/Console/Kernel->handle()
#7 {main}
"} 
[2026-07-20 19:36:14] laravel.EMERGENCY: Unable to create configured logger. Using emergency logger. {"exception":"[object] (InvalidArgumentException(code: 0): Log [] is not defined. at C:/Users/kings/Downloads/sbrai-app-backend-FIXED/vendor/laravel/framework/src/Illuminate/Log/LogManager.php:232)
[stacktrace]
#0 C:/Users/kings/Downloads/sbrai-app-backend-FIXED/vendor/laravel/framework/src/Illuminate/Log/LogManager.php(139): Illuminate/Log/LogManager->resolve()
#1 C:/Users/kings/Downloads/sbrai-app-backend-FIXED/vendor/laravel/framework/src/Illuminate/Log/LogManager.php(126): Illuminate/Log/LogManager->get()
#2 C:/Users/kings/Downloads/sbrai-app-backend-FIXED/vendor/laravel/framework/src/Illuminate/Log/LogManager.php(701): Illuminate/Log/LogManager->driver()
#3 C:/Users/kings/Downloads/sbrai-app-backend-FIXED/vendor/laravel/framework/src/Illuminate/Foundation/Exceptions/Handler.php(380): Illuminate/Log/LogManager->error()
#4 C:/Users/kings/Downloads/sbrai-app-backend-FIXED/vendor/laravel/framework/src/Illuminate/Foundation/Exceptions/Handler.php(343): Illuminate/Foundation/Exceptions/Handler->reportThrowable()
#5 C:/Users/kings/Downloads/sbrai-app-backend-FIXED/vendor/laravel/framework/src/Illuminate/Foundation/Console/Kernel.php(621): Illuminate/Foundation/Exceptions/Handler->report()
#6 C:/Users/kings/Downloads/sbrai-app-backend-FIXED/vendor/laravel/framework/src/Illuminate/Foundation/Console/Kernel.php(200): Illuminate/Foundation/Console/Kernel->reportException()
#7 Command line code(1): Illuminate/Foundation/Console/Kernel->handle()
#8 {main}
"} 
[2026-07-20 19:36:14] laravel.ERROR: array_merge(): Argument #2 must be of type array, int given {"exception":"[object] (TypeError(code: 0): array_merge(): Argument #2 must be of type array, int given at C:/Users/kings/Downloads/sbrai-app-backend-FIXED/vendor/laravel/framework/src/Illuminate/Foundation/Bootstrap/LoadConfiguration.php:100)
[stacktrace]
#0 C:/Users/kings/Downloads/sbrai-app-backend-FIXED/vendor/laravel/framework/src/Illuminate/Foundation/Bootstrap/LoadConfiguration.php(100): array_merge()
#1 C:/Users/kings/Downloads/sbrai-app-backend-FIXED/vendor/laravel/framework/src/Illuminate/Foundation/Bootstrap/LoadConfiguration.php(78): Illuminate/Foundation/Bootstrap/LoadConfiguration->loadConfigurationFile()
#2 C:/Users/kings/Downloads/sbrai-app-backend-FIXED/vendor/laravel/framework/src/Illuminate/Foundation/Bootstrap/LoadConfiguration.php(39): Illuminate/Foundation/Bootstrap/LoadConfiguration->loadConfigurationFiles()
#3 C:/Users/kings/Downloads/sbrai-app-backend-FIXED/vendor/laravel/framework/src/Illuminate/Foundation/Application.php(342): Illuminate/Foundation/Bootstrap/LoadConfiguration->bootstrap()
#4 C:/Users/kings/Downloads/sbrai-app-backend-FIXED/vendor/laravel/framework/src/Illuminate/Foundation/Console/Kernel.php(474): Illuminate/Foundation/Application->bootstrapWith()
#5 C:/Users/kings/Downloads/sbrai-app-backend-FIXED/vendor/laravel/framework/src/Illuminate/Foundation/Console/Kernel.php(196): Illuminate/Foundation/Console/Kernel->bootstrap()
#6 Command line code(1): Illuminate/Foundation/Console/Kernel->handle()
#7 {main}
"} 
[2026-07-20 19:36:15] laravel.EMERGENCY: Unable to create configured logger. Using emergency logger. {"exception":"[object] (InvalidArgumentException(code: 0): Log [] is not defined. at C:/Users/kings/Downloads/sbrai-app-backend-FIXED/vendor/laravel/framework/src/Illuminate/Log/LogManager.php:232)
[stacktrace]
#0 C:/Users/kings/Downloads/sbrai-app-backend-FIXED/vendor/laravel/framework/src/Illuminate/Log/LogManager.php(139): Illuminate/Log/LogManager->resolve()
#1 C:/Users/kings/Downloads/sbrai-app-backend-FIXED/vendor/laravel/framework/src/Illuminate/Log/LogManager.php(126): Illuminate/Log/LogManager->get()
#2 C:/Users/kings/Downloads/sbrai-app-backend-FIXED/vendor/laravel/framework/src/Illuminate/Log/LogManager.php(701): Illuminate/Log/LogManager->driver()
#3 C:/Users/kings/Downloads/sbrai-app-backend-FIXED/vendor/laravel/framework/src/Illuminate/Foundation/Exceptions/Handler.php(380): Illuminate/Log/LogManager->error()
#4 C:/Users/kings/Downloads/sbrai-app-backend-FIXED/vendor/laravel/framework/src/Illuminate/Foundation/Exceptions/Handler.php(343): Illuminate/Foundation/Exceptions/Handler->reportThrowable()
#5 C:/Users/kings/Downloads/sbrai-app-backend-FIXED/vendor/laravel/framework/src/Illuminate/Foundation/Console/Kernel.php(621): Illuminate/Foundation/Exceptions/Handler->report()
#6 C:/Users/kings/Downloads/sbrai-app-backend-FIXED/vendor/laravel/framework/src/Illuminate/Foundation/Console/Kernel.php(200): Illuminate/Foundation/Console/Kernel->reportException()
#7 Command line code(1): Illuminate/Foundation/Console/Kernel->handle()
#8 {main}
"} 
[2026-07-20 19:36:15] laravel.ERROR: array_merge(): Argument #2 must be of type array, int given {"exception":"[object] (TypeError(code: 0): array_merge(): Argument #2 must be of type array, int given at C:/Users/kings/Downloads/sbrai-app-backend-FIXED/vendor/laravel/framework/src/Illuminate/Foundation/Bootstrap/LoadConfiguration.php:100)
[stacktrace]
#0 C:/Users/kings/Downloads/sbrai-app-backend-FIXED/vendor/laravel/framework/src/Illuminate/Foundation/Bootstrap/LoadConfiguration.php(100): array_merge()
#1 C:/Users/kings/Downloads/sbrai-app-backend-FIXED/vendor/laravel/framework/src/Illuminate/Foundation/Bootstrap/LoadConfiguration.php(78): Illuminate/Foundation/Bootstrap/LoadConfiguration->loadConfigurationFile()
#2 C:/Users/kings/Downloads/sbrai-app-backend-FIXED/vendor/laravel/framework/src/Illuminate/Foundation/Bootstrap/LoadConfiguration.php(39): Illuminate/Foundation/Bootstrap/LoadConfiguration->loadConfigurationFiles()
#3 C:/Users/kings/Downloads/sbrai-app-backend-FIXED/vendor/laravel/framework/src/Illuminate/Foundation/Application.php(342): Illuminate/Foundation/Bootstrap/LoadConfiguration->bootstrap()
#4 C:/Users/kings/Downloads/sbrai-app-backend-FIXED/vendor/laravel/framework/src/Illuminate/Foundation/Console/Kernel.php(474): Illuminate/Foundation/Application->bootstrapWith()
#5 C:/Users/kings/Downloads/sbrai-app-backend-FIXED/vendor/laravel/framework/src/Illuminate/Foundation/Console/Kernel.php(196): Illuminate/Foundation/Console/Kernel->bootstrap()
#6 Command line code(1): Illuminate/Foundation/Console/Kernel->handle()
#7 {main}
"} 
[2026-07-20 19:36:16] laravel.EMERGENCY: Unable to create configured logger. Using emergency logger. {"exception":"[object] (InvalidArgumentException(code: 0): Log [] is not defined. at C:/Users/kings/Downloads/sbrai-app-backend-FIXED/vendor/laravel/framework/src/Illuminate/Log/LogManager.php:232)
[stacktrace]
#0 C:/Users/kings/Downloads/sbrai-app-backend-FIXED/vendor/laravel/framework/src/Illuminate/Log/LogManager.php(139): Illuminate/Log/LogManager->resolve()
#1 C:/Users/kings/Downloads/sbrai-app-backend-FIXED/vendor/laravel/framework/src/Illuminate/Log/LogManager.php(126): Illuminate/Log/LogManager->get()
#2 C:/Users/kings/Downloads/sbrai-app-backend-FIXED/vendor/laravel/framework/src/Illuminate/Log/LogManager.php(701): Illuminate/Log/LogManager->driver()
#3 C:/Users/kings/Downloads/sbrai-app-backend-FIXED/vendor/laravel/framework/src/Illuminate/Foundation/Exceptions/Handler.php(380): Illuminate/Log/LogManager->error()
#4 C:/Users/kings/Downloads/sbrai-app-backend-FIXED/vendor/laravel/framework/src/Illuminate/Foundation/Exceptions/Handler.php(343): Illuminate/Foundation/Exceptions/Handler->reportThrowable()
#5 C:/Users/kings/Downloads/sbrai-app-backend-FIXED/vendor/laravel/framework/src/Illuminate/Foundation/Console/Kernel.php(621): Illuminate/Foundation/Exceptions/Handler->report()
#6 C:/Users/kings/Downloads/sbrai-app-backend-FIXED/vendor/laravel/framework/src/Illuminate/Foundation/Console/Kernel.php(200): Illuminate/Foundation/Console/Kernel->reportException()
#7 Command line code(1): Illuminate/Foundation/Console/Kernel->handle()
#8 {main}
"} 
[2026-07-20 19:36:16] laravel.ERROR: array_merge(): Argument #2 must be of type array, int given {"exception":"[object] (TypeError(code: 0): array_merge(): Argument #2 must be of type array, int given at C:/Users/kings/Downloads/sbrai-app-backend-FIXED/vendor/laravel/framework/src/Illuminate/Foundation/Bootstrap/LoadConfiguration.php:100)
[stacktrace]
#0 C:/Users/kings/Downloads/sbrai-app-backend-FIXED/vendor/laravel/framework/src/Illuminate/Foundation/Bootstrap/LoadConfiguration.php(100): array_merge()
#1 C:/Users/kings/Downloads/sbrai-app-backend-FIXED/vendor/laravel/framework/src/Illuminate/Foundation/Bootstrap/LoadConfiguration.php(78): Illuminate/Foundation/Bootstrap/LoadConfiguration->loadConfigurationFile()
#2 C:/Users/kings/Downloads/sbrai-app-backend-FIXED/vendor/laravel/framework/src/Illuminate/Foundation/Bootstrap/LoadConfiguration.php(39): Illuminate/Foundation/Bootstrap/LoadConfiguration->loadConfigurationFiles()
#3 C:/Users/kings/Downloads/sbrai-app-backend-FIXED/vendor/laravel/framework/src/Illuminate/Foundation/Application.php(342): Illuminate/Foundation/Bootstrap/LoadConfiguration->bootstrap()
#4 C:/Users/kings/Downloads/sbrai-app-backend-FIXED/vendor/laravel/framework/src/Illuminate/Foundation/Console/Kernel.php(474): Illuminate/Foundation/Application->bootstrapWith()
#5 C:/Users/kings/Downloads/sbrai-app-backend-FIXED/vendor/laravel/framework/src/Illuminate/Foundation/Console/Kernel.php(196): Illuminate/Foundation/Console/Kernel->bootstrap()
#6 Command line code(1): Illuminate/Foundation/Console/Kernel->handle()
#7 {main}
"} 
[2026-07-20 19:36:16] laravel.EMERGENCY: Unable to create configured logger. Using emergency logger. {"exception":"[object] (InvalidArgumentException(code: 0): Log [] is not defined. at C:/Users/kings/Downloads/sbrai-app-backend-FIXED/vendor/laravel/framework/src/Illuminate/Log/LogManager.php:232)
[stacktrace]
#0 C:/Users/kings/Downloads/sbrai-app-backend-FIXED/vendor/laravel/framework/src/Illuminate/Log/LogManager.php(139): Illuminate/Log/LogManager->resolve()
#1 C:/Users/kings/Downloads/sbrai-app-backend-FIXED/vendor/laravel/framework/src/Illuminate/Log/LogManager.php(126): Illuminate/Log/LogManager->get()
#2 C:/Users/kings/Downloads/sbrai-app-backend-FIXED/vendor/laravel/framework/src/Illuminate/Log/LogManager.php(701): Illuminate/Log/LogManager->driver()
#3 C:/Users/kings/Downloads/sbrai-app-backend-FIXED/vendor/laravel/framework/src/Illuminate/Foundation/Exceptions/Handler.php(380): Illuminate/Log/LogManager->error()
#4 C:/Users/kings/Downloads/sbrai-app-backend-FIXED/vendor/laravel/framework/src/Illuminate/Foundation/Exceptions/Handler.php(343): Illuminate/Foundation/Exceptions/Handler->reportThrowable()
#5 C:/Users/kings/Downloads/sbrai-app-backend-FIXED/vendor/laravel/framework/src/Illuminate/Foundation/Console/Kernel.php(621): Illuminate/Foundation/Exceptions/Handler->report()
#6 C:/Users/kings/Downloads/sbrai-app-backend-FIXED/vendor/laravel/framework/src/Illuminate/Foundation/Console/Kernel.php(200): Illuminate/Foundation/Console/Kernel->reportException()
#7 Command line code(1): Illuminate/Foundation/Console/Kernel->handle()
#8 {main}
"} 
[2026-07-20 19:36:16] laravel.ERROR: array_merge(): Argument #2 must be of type array, int given {"exception":"[object] (TypeError(code: 0): array_merge(): Argument #2 must be of type array, int given at C:/Users/kings/Downloads/sbrai-app-backend-FIXED/vendor/laravel/framework/src/Illuminate/Foundation/Bootstrap/LoadConfiguration.php:100)
[stacktrace]
#0 C:/Users/kings/Downloads/sbrai-app-backend-FIXED/vendor/laravel/framework/src/Illuminate/Foundation/Bootstrap/LoadConfiguration.php(100): array_merge()
#1 C:/Users/kings/Downloads/sbrai-app-backend-FIXED/vendor/laravel/framework/src/Illuminate/Foundation/Bootstrap/LoadConfiguration.php(78): Illuminate/Foundation/Bootstrap/LoadConfiguration->loadConfigurationFile()
#2 C:/Users/kings/Downloads/sbrai-app-backend-FIXED/vendor/laravel/framework/src/Illuminate/Foundation/Bootstrap/LoadConfiguration.php(39): Illuminate/Foundation/Bootstrap/LoadConfiguration->loadConfigurationFiles()
#3 C:/Users/kings/Downloads/sbrai-app-backend-FIXED/vendor/laravel/framework/src/Illuminate/Foundation/Application.php(342): Illuminate/Foundation/Bootstrap/LoadConfiguration->bootstrap()
#4 C:/Users/kings/Downloads/sbrai-app-backend-FIXED/vendor/laravel/framework/src/Illuminate/Foundation/Console/Kernel.php(474): Illuminate/Foundation/Application->bootstrapWith()
#5 C:/Users/kings/Downloads/sbrai-app-backend-FIXED/vendor/laravel/framework/src/Illuminate/Foundation/Console/Kernel.php(196): Illuminate/Foundation/Console/Kernel->bootstrap()
#6 Command line code(1): Illuminate/Foundation/Console/Kernel->handle()
#7 {main}
"} 
[2026-07-20 20:16:55] local.ERROR: SQLSTATE[HY000]: General error: 1 unknown function: UUID() (Connection: sqlite, SQL: insert into "transactions" ("type", "amount", "description", "balance", "user_id", "updated_at", "created_at") values (credit, 5000, Welcome bonus - Sign up voucher, 5000, a24e7571-58ba-4d47-8ff3-0b6f96a3652e, 2026-07-20 20:16:55, 2026-07-20 20:16:55)) {"exception":"[object] (Illuminate\\Database\\QueryException(code: HY000): SQLSTATE[HY000]: General error: 1 unknown function: UUID() (Connection: sqlite, SQL: insert into \"transactions\" (\"type\", \"amount\", \"description\", \"balance\", \"user_id\", \"updated_at\", \"created_at\") values (credit, 5000, Welcome bonus - Sign up voucher, 5000, a24e7571-58ba-4d47-8ff3-0b6f96a3652e, 2026-07-20 20:16:55, 2026-07-20 20:16:55)) at C:/Users/kings/Downloads/sbrai-app-backend-FIXED/vendor/laravel/framework/src/Illuminate/Database/Connection.php:825)
[stacktrace]
#0 C:/Users/kings/Downloads/sbrai-app-backend-FIXED/vendor/laravel/framework/src/Illuminate/Database/Connection.php(779): Illuminate/Database/Connection->runQueryCallback()
#1 C:/Users/kings/Downloads/sbrai-app-backend-FIXED/vendor/laravel/framework/src/Illuminate/Database/Connection.php(560): Illuminate/Database/Connection->run()
#2 C:/Users/kings/Downloads/sbrai-app-backend-FIXED/vendor/laravel/framework/src/Illuminate/Database/Connection.php(524): Illuminate/Database/Connection->statement()
#3 C:/Users/kings/Downloads/sbrai-app-backend-FIXED/vendor/laravel/framework/src/Illuminate/Database/Query/Processors/Processor.php(32): Illuminate/Database/Connection->insert()
#4 C:/Users/kings/Downloads/sbrai-app-backend-FIXED/vendor/laravel/framework/src/Illuminate/Database/Query/Builder.php(3766): Illuminate/Database/Query/Processors/Processor->processInsertGetId()
#5 C:/Users/kings/Downloads/sbrai-app-backend-FIXED/vendor/laravel/framework/src/Illuminate/Database/Eloquent/Builder.php(2120): Illuminate/Database/Query/Builder->insertGetId()
#6 C:/Users/kings/Downloads/sbrai-app-backend-FIXED/vendor/laravel/framework/src/Illuminate/Database/Eloquent/Model.php(1359): Illuminate/Database/Eloquent/Builder->__call()
#7 C:/Users/kings/Downloads/sbrai-app-backend-FIXED/vendor/laravel/framework/src/Illuminate/Database/Eloquent/Model.php(1324): Illuminate/Database/Eloquent/Model->insertAndSetId()
#8 C:/Users/kings/Downloads/sbrai-app-backend-FIXED/vendor/laravel/framework/src/Illuminate/Database/Eloquent/Model.php(1163): Illuminate/Database/Eloquent/Model->performInsert()
#9 C:/Users/kings/Downloads/sbrai-app-backend-FIXED/vendor/laravel/framework/src/Illuminate/Database/Eloquent/Relations/HasOneOrMany.php(371): Illuminate/Database/Eloquent/Model->save()
#10 C:/Users/kings/Downloads/sbrai-app-backend-FIXED/vendor/laravel/framework/src/Illuminate/Support/helpers.php(399): Illuminate/Database/Eloquent/Relations/HasOneOrMany->{closure:Illuminate/Database/Eloquent/Relations/HasOneOrMany::create():368}()
#11 C:/Users/kings/Downloads/sbrai-app-backend-FIXED/vendor/laravel/framework/src/Illuminate/Database/Eloquent/Relations/HasOneOrMany.php(368): tap()
#12 C:/Users/kings/Downloads/sbrai-app-backend-FIXED/app/Http/Controllers/Api/AuthController.php(56): Illuminate/Database/Eloquent/Relations/HasOneOrMany->create()
#13 C:/Users/kings/Downloads/sbrai-app-backend-FIXED/vendor/laravel/framework/src/Illuminate/Routing/Controller.php(54): App/Http/Controllers/Api/AuthController->register()
#14 C:/Users/kings/Downloads/sbrai-app-backend-FIXED/vendor/laravel/framework/src/Illuminate/Routing/ControllerDispatcher.php(44): Illuminate/Routing/Controller->callAction()
#15 C:/Users/kings/Downloads/sbrai-app-backend-FIXED/vendor/laravel/framework/src/Illuminate/Routing/Route.php(266): Illuminate/Routing/ControllerDispatcher->dispatch()
#16 C:/Users/kings/Downloads/sbrai-app-backend-FIXED/vendor/laravel/framework/src/Illuminate/Routing/Route.php(212): Illuminate/Routing/Route->runController()
#17 C:/Users/kings/Downloads/sbrai-app-backend-FIXED/vendor/laravel/framework/src/Illuminate/Routing/Router.php(808): Illuminate/Routing/Route->run()
#18 C:/Users/kings/Downloads/sbrai-app-backend-FIXED/vendor/laravel/framework/src/Illuminate/Pipeline/Pipeline.php(170): Illuminate/Routing/Router->{closure:Illuminate/Routing/Router::runRouteWithinStack():807}()
#19 C:/Users/kings/Downloads/sbrai-app-backend-FIXED/vendor/laravel/framework/src/Illuminate/Routing/Middleware/SubstituteBindings.php(51): Illuminate/Pipeline/Pipeline->{closure:Illuminate/Pipeline/Pipeline::prepareDestination():168}()
#20 C:/Users/kings/Downloads/sbrai-app-backend-FIXED/vendor/laravel/framework/src/Illuminate/Pipeline/Pipeline.php(209): Illuminate/Routing/Middleware/SubstituteBindings->handle()
#21 C:/Users/kings/Downloads/sbrai-app-backend-FIXED/vendor/laravel/framework/src/Illuminate/Pipeline/Pipeline.php(127): Illuminate/Pipeline/Pipeline->{closure:{closure:Illuminate/Pipeline/Pipeline::carry():184}:185}()
#22 C:/Users/kings/Downloads/sbrai-app-backend-FIXED/vendor/laravel/framework/src/Illuminate/Routing/Router.php(807): Illuminate/Pipeline/Pipeline->then()
#23 C:/Users/kings/Downloads/sbrai-app-backend-FIXED/vendor/laravel/framework/src/Illuminate/Routing/Router.php(786): Illuminate/Routing/Router->runRouteWithinStack()
#24 C:/Users/kings/Downloads/sbrai-app-backend-FIXED/vendor/laravel/framework/src/Illuminate/Routing/Router.php(750): Illuminate/Routing/Router->runRoute()
#25 C:/Users/kings/Downloads/sbrai-app-backend-FIXED/vendor/laravel/framework/src/Illuminate/Routing/Router.php(739): Illuminate/Routing/Router->dispatchToRoute()
#26 C:/Users/kings/Downloads/sbrai-app-backend-FIXED/vendor/laravel/framework/src/Illuminate/Foundation/Http/Kernel.php(201): Illuminate/Routing/Router->dispatch()
#27 C:/Users/kings/Downloads/sbrai-app-backend-FIXED/vendor/laravel/framework/src/Illuminate/Pipeline/Pipeline.php(170): Illuminate/Foundation/Http/Kernel->{closure:Illuminate/Foundation/Http/Kernel::dispatchToRouter():198}()
#28 C:/Users/kings/Downloads/sbrai-app-backend-FIXED/vendor/laravel/framework/src/Illuminate/Foundation/Http/Middleware/TransformsRequest.php(21): Illuminate/Pipeline/Pipeline->{closure:Illuminate/Pipeline/Pipeline::prepareDestination():168}()
#29 C:/Users/kings/Downloads/sbrai-app-backend-FIXED/vendor/laravel/framework/src/Illuminate/Foundation/Http/Middleware/ConvertEmptyStringsToNull.php(31): Illuminate/Foundation/Http/Middleware/TransformsRequest->handle()
#30 C:/Users/kings/Downloads/sbrai-app-backend-FIXED/vendor/laravel/framework/src/Illuminate/Pipeline/Pipeline.php(209): Illuminate/Foundation/Http/Middleware/ConvertEmptyStringsToNull->handle()
#31 C:/Users/kings/Downloads/sbrai-app-backend-FIXED/vendor/laravel/framework/src/Illuminate/Foundation/Http/Middleware/TransformsRequest.php(21): Illuminate/Pipeline/Pipeline->{closure:{closure:Illuminate/Pipeline/Pipeline::carry():184}:185}()
#32 C:/Users/kings/Downloads/sbrai-app-backend-FIXED/vendor/laravel/framework/src/Illuminate/Foundation/Http/Middleware/TrimStrings.php(51): Illuminate/Foundation/Http/Middleware/TransformsRequest->handle()
#33 C:/Users/kings/Downloads/sbrai-app-backend-FIXED/vendor/laravel/framework/src/Illuminate/Pipeline/Pipeline.php(209): Illuminate/Foundation/Http/Middleware/TrimStrings->handle()
#34 C:/Users/kings/Downloads/sbrai-app-backend-FIXED/vendor/laravel/framework/src/Illuminate/Http/Middleware/ValidatePostSize.php(27): Illuminate/Pipeline/Pipeline->{closure:{closure:Illuminate/Pipeline/Pipeline::carry():184}:185}()
#35 C:/Users/kings/Downloads/sbrai-app-backend-FIXED/vendor/laravel/framework/src/Illuminate/Pipeline/Pipeline.php(209): Illuminate/Http/Middleware/ValidatePostSize->handle()
#36 C:/Users/kings/Downloads/sbrai-app-backend-FIXED/vendor/laravel/framework/src/Illuminate/Foundation/Http/Middleware/PreventRequestsDuringMaintenance.php(110): Illuminate/Pipeline/Pipeline->{closure:{closure:Illuminate/Pipeline/Pipeline::carry():184}:185}()
#37 C:/Users/kings/Downloads/sbrai-app-backend-FIXED/vendor/laravel/framework/src/Illuminate/Pipeline/Pipeline.php(209): Illuminate/Foundation/Http/Middleware/PreventRequestsDuringMaintenance->handle()
#38 C:/Users/kings/Downloads/sbrai-app-backend-FIXED/vendor/laravel/framework/src/Illuminate/Http/Middleware/TrustProxies.php(58): Illuminate/Pipeline/Pipeline->{closure:{closure:Illuminate/Pipeline/Pipeline::carry():184}:185}()
#39 C:/Users/kings/Downloads/sbrai-app-backend-FIXED/vendor/laravel/framework/src/Illuminate/Pipeline/Pipeline.php(209): Illuminate/Http/Middleware/TrustProxies->handle()
#40 C:/Users/kings/Downloads/sbrai-app-backend-FIXED/vendor/laravel/framework/src/Illuminate/Foundation/Http/Middleware/InvokeDeferredCallbacks.php(22): Illuminate/Pipeline/Pipeline->{closure:{closure:Illuminate/Pipeline/Pipeline::carry():184}:185}()
#41 C:/Users/kings/Downloads/sbrai-app-backend-FIXED/vendor/laravel/framework/src/Illuminate/Pipeline/Pipeline.php(209): Illuminate/Foundation/Http/Middleware/InvokeDeferredCallbacks->handle()
#42 C:/Users/kings/Downloads/sbrai-app-backend-FIXED/vendor/laravel/framework/src/Illuminate/Http/Middleware/HandleCors.php(62): Illuminate/Pipeline/Pipeline->{closure:{closure:Illuminate/Pipeline/Pipeline::carry():184}:185}()
#43 C:/Users/kings/Downloads/sbrai-app-backend-FIXED/vendor/laravel/framework/src/Illuminate/Pipeline/Pipeline.php(209): Illuminate/Http/Middleware/HandleCors->handle()
#44 C:/Users/kings/Downloads/sbrai-app-backend-FIXED/vendor/laravel/framework/src/Illuminate/Pipeline/Pipeline.php(127): Illuminate/Pipeline/Pipeline->{closure:{closure:Illuminate/Pipeline/Pipeline::carry():184}:185}()
#45 C:/Users/kings/Downloads/sbrai-app-backend-FIXED/vendor/laravel/framework/src/Illuminate/Foundation/Http/Kernel.php(176): Illuminate/Pipeline/Pipeline->then()
#46 C:/Users/kings/Downloads/sbrai-app-backend-FIXED/vendor/laravel/framework/src/Illuminate/Foundation/Http/Kernel.php(145): Illuminate/Foundation/Http/Kernel->sendRequestThroughRouter()
#47 C:/Users/kings/Downloads/sbrai-app-backend-FIXED/vendor/laravel/framework/src/Illuminate/Foundation/Application.php(1220): Illuminate/Foundation/Http/Kernel->handle()
#48 C:/Users/kings/Downloads/sbrai-app-backend-FIXED/public/index.php(17): Illuminate/Foundation/Application->handleRequest()
#49 C:/Users/kings/Downloads/sbrai-app-backend-FIXED/vendor/laravel/framework/src/Illuminate/Foundation/resources/server.php(23): require_once('...')
#50 {main}

[previous exception] [object] (PDOException(code: HY000): SQLSTATE[HY000]: General error: 1 unknown function: UUID() at C:/Users/kings/Downloads/sbrai-app-backend-FIXED/vendor/laravel/framework/src/Illuminate/Database/Connection.php:565)
[stacktrace]
#0 C:/Users/kings/Downloads/sbrai-app-backend-FIXED/vendor/laravel/framework/src/Illuminate/Database/Connection.php(565): PDO->prepare()
#1 C:/Users/kings/Downloads/sbrai-app-backend-FIXED/vendor/laravel/framework/src/Illuminate/Database/Connection.php(812): Illuminate/Database/Connection->{closure:Illuminate/Database/Connection::statement():560}()
#2 C:/Users/kings/Downloads/sbrai-app-backend-FIXED/vendor/laravel/framework/src/Illuminate/Database/Connection.php(779): Illuminate/Database/Connection->runQueryCallback()
#3 C:/Users/kings/Downloads/sbrai-app-backend-FIXED/vendor/laravel/framework/src/Illuminate/Database/Connection.php(560): Illuminate/Database/Connection->run()
#4 C:/Users/kings/Downloads/sbrai-app-backend-FIXED/vendor/laravel/framework/src/Illuminate/Database/Connection.php(524): Illuminate/Database/Connection->statement()
#5 C:/Users/kings/Downloads/sbrai-app-backend-FIXED/vendor/laravel/framework/src/Illuminate/Database/Query/Processors/Processor.php(32): Illuminate/Database/Connection->insert()
#6 C:/Users/kings/Downloads/sbrai-app-backend-FIXED/vendor/laravel/framework/src/Illuminate/Database/Query/Builder.php(3766): Illuminate/Database/Query/Processors/Processor->processInsertGetId()
#7 C:/Users/kings/Downloads/sbrai-app-backend-FIXED/vendor/laravel/framework/src/Illuminate/Database/Eloquent/Builder.php(2120): Illuminate/Database/Query/Builder->insertGetId()
#8 C:/Users/kings/Downloads/sbrai-app-backend-FIXED/vendor/laravel/framework/src/Illuminate/Database/Eloquent/Model.php(1359): Illuminate/Database/Eloquent/Builder->__call()
#9 C:/Users/kings/Downloads/sbrai-app-backend-FIXED/vendor/laravel/framework/src/Illuminate/Database/Eloquent/Model.php(1324): Illuminate/Database/Eloquent/Model->insertAndSetId()
#10 C:/Users/kings/Downloads/sbrai-app-backend-FIXED/vendor/laravel/framework/src/Illuminate/Database/Eloquent/Model.php(1163): Illuminate/Database/Eloquent/Model->performInsert()
#11 C:/Users/kings/Downloads/sbrai-app-backend-FIXED/vendor/laravel/framework/src/Illuminate/Database/Eloquent/Relations/HasOneOrMany.php(371): Illuminate/Database/Eloquent/Model->save()
#12 C:/Users/kings/Downloads/sbrai-app-backend-FIXED/vendor/laravel/framework/src/Illuminate/Support/helpers.php(399): Illuminate/Database/Eloquent/Relations/HasOneOrMany->{closure:Illuminate/Database/Eloquent/Relations/HasOneOrMany::create():368}()
#13 C:/Users/kings/Downloads/sbrai-app-backend-FIXED/vendor/laravel/framework/src/Illuminate/Database/Eloquent/Relations/HasOneOrMany.php(368): tap()
#14 C:/Users/kings/Downloads/sbrai-app-backend-FIXED/app/Http/Controllers/Api/AuthController.php(56): Illuminate/Database/Eloquent/Relations/HasOneOrMany->create()
#15 C:/Users/kings/Downloads/sbrai-app-backend-FIXED/vendor/laravel/framework/src/Illuminate/Routing/Controller.php(54): App/Http/Controllers/Api/AuthController->register()
#16 C:/Users/kings/Downloads/sbrai-app-backend-FIXED/vendor/laravel/framework/src/Illuminate/Routing/ControllerDispatcher.php(44): Illuminate/Routing/Controller->callAction()
#17 C:/Users/kings/Downloads/sbrai-app-backend-FIXED/vendor/laravel/framework/src/Illuminate/Routing/Route.php(266): Illuminate/Routing/ControllerDispatcher->dispatch()
#18 C:/Users/kings/Downloads/sbrai-app-backend-FIXED/vendor/laravel/framework/src/Illuminate/Routing/Route.php(212): Illuminate/Routing/Route->runController()
#19 C:/Users/kings/Downloads/sbrai-app-backend-FIXED/vendor/laravel/framework/src/Illuminate/Routing/Router.php(808): Illuminate/Routing/Route->run()
#20 C:/Users/kings/Downloads/sbrai-app-backend-FIXED/vendor/laravel/framework/src/Illuminate/Pipeline/Pipeline.php(170): Illuminate/Routing/Router->{closure:Illuminate/Routing/Router::runRouteWithinStack():807}()
#21 C:/Users/kings/Downloads/sbrai-app-backend-FIXED/vendor/laravel/framework/src/Illuminate/Routing/Middleware/SubstituteBindings.php(51): Illuminate/Pipeline/Pipeline->{closure:Illuminate/Pipeline/Pipeline::prepareDestination():168}()
#22 C:/Users/kings/Downloads/sbrai-app-backend-FIXED/vendor/laravel/framework/src/Illuminate/Pipeline/Pipeline.php(209): Illuminate/Routing/Middleware/SubstituteBindings->handle()
#23 C:/Users/kings/Downloads/sbrai-app-backend-FIXED/vendor/laravel/framework/src/Illuminate/Pipeline/Pipeline.php(127): Illuminate/Pipeline/Pipeline->{closure:{closure:Illuminate/Pipeline/Pipeline::carry():184}:185}()
#24 C:/Users/kings/Downloads/sbrai-app-backend-FIXED/vendor/laravel/framework/src/Illuminate/Routing/Router.php(807): Illuminate/Pipeline/Pipeline->then()
#25 C:/Users/kings/Downloads/sbrai-app-backend-FIXED/vendor/laravel/framework/src/Illuminate/Routing/Router.php(786): Illuminate/Routing/Router->runRouteWithinStack()
#26 C:/Users/kings/Downloads/sbrai-app-backend-FIXED/vendor/laravel/framework/src/Illuminate/Routing/Router.php(750): Illuminate/Routing/Router->runRoute()
#27 C:/Users/kings/Downloads/sbrai-app-backend-FIXED/vendor/laravel/framework/src/Illuminate/Routing/Router.php(739): Illuminate/Routing/Router->dispatchToRoute()
#28 C:/Users/kings/Downloads/sbrai-app-backend-FIXED/vendor/laravel/framework/src/Illuminate/Foundation/Http/Kernel.php(201): Illuminate/Routing/Router->dispatch()
#29 C:/Users/kings/Downloads/sbrai-app-backend-FIXED/vendor/laravel/framework/src/Illuminate/Pipeline/Pipeline.php(170): Illuminate/Foundation/Http/Kernel->{closure:Illuminate/Foundation/Http/Kernel::dispatchToRouter():198}()
#30 C:/Users/kings/Downloads/sbrai-app-backend-FIXED/vendor/laravel/framework/src/Illuminate/Foundation/Http/Middleware/TransformsRequest.php(21): Illuminate/Pipeline/Pipeline->{closure:Illuminate/Pipeline/Pipeline::prepareDestination():168}()
#31 C:/Users/kings/Downloads/sbrai-app-backend-FIXED/vendor/laravel/framework/src/Illuminate/Foundation/Http/Middleware/ConvertEmptyStringsToNull.php(31): Illuminate/Foundation/Http/Middleware/TransformsRequest->handle()
#32 C:/Users/kings/Downloads/sbrai-app-backend-FIXED/vendor/laravel/framework/src/Illuminate/Pipeline/Pipeline.php(209): Illuminate/Foundation/Http/Middleware/ConvertEmptyStringsToNull->handle()
#33 C:/Users/kings/Downloads/sbrai-app-backend-FIXED/vendor/laravel/framework/src/Illuminate/Foundation/Http/Middleware/TransformsRequest.php(21): Illuminate/Pipeline/Pipeline->{closure:{closure:Illuminate/Pipeline/Pipeline::carry():184}:185}()
#34 C:/Users/kings/Downloads/sbrai-app-backend-FIXED/vendor/laravel/framework/src/Illuminate/Foundation/Http/Middleware/TrimStrings.php(51): Illuminate/Foundation/Http/Middleware/TransformsRequest->handle()
#35 C:/Users/kings/Downloads/sbrai-app-backend-FIXED/vendor/laravel/framework/src/Illuminate/Pipeline/Pipeline.php(209): Illuminate/Foundation/Http/Middleware/TrimStrings->handle()
#36 C:/Users/kings/Downloads/sbrai-app-backend-FIXED/vendor/laravel/framework/src/Illuminate/Http/Middleware/ValidatePostSize.php(27): Illuminate/Pipeline/Pipeline->{closure:{closure:Illuminate/Pipeline/Pipeline::carry():184}:185}()
#37 C:/Users/kings/Downloads/sbrai-app-backend-FIXED/vendor/laravel/framework/src/Illuminate/Pipeline/Pipeline.php(209): Illuminate/Http/Middleware/ValidatePostSize->handle()
#38 C:/Users/kings/Downloads/sbrai-app-backend-FIXED/vendor/laravel/framework/src/Illuminate/Foundation/Http/Middleware/PreventRequestsDuringMaintenance.php(110): Illuminate/Pipeline/Pipeline->{closure:{closure:Illuminate/Pipeline/Pipeline::carry():184}:185}()
#39 C:/Users/kings/Downloads/sbrai-app-backend-FIXED/vendor/laravel/framework/src/Illuminate/Pipeline/Pipeline.php(209): Illuminate/Foundation/Http/Middleware/PreventRequestsDuringMaintenance->handle()
#40 C:/Users/kings/Downloads/sbrai-app-backend-FIXED/vendor/laravel/framework/src/Illuminate/Http/Middleware/TrustProxies.php(58): Illuminate/Pipeline/Pipeline->{closure:{closure:Illuminate/Pipeline/Pipeline::carry():184}:185}()
#41 C:/Users/kings/Downloads/sbrai-app-backend-FIXED/vendor/laravel/framework/src/Illuminate/Pipeline/Pipeline.php(209): Illuminate/Http/Middleware/TrustProxies->handle()
#42 C:/Users/kings/Downloads/sbrai-app-backend-FIXED/vendor/laravel/framework/src/Illuminate/Foundation/Http/Middleware/InvokeDeferredCallbacks.php(22): Illuminate/Pipeline/Pipeline->{closure:{closure:Illuminate/Pipeline/Pipeline::carry():184}:185}()
#43 C:/Users/kings/Downloads/sbrai-app-backend-FIXED/vendor/laravel/framework/src/Illuminate/Pipeline/Pipeline.php(209): Illuminate/Foundation/Http/Middleware/InvokeDeferredCallbacks->handle()
#44 C:/Users/kings/Downloads/sbrai-app-backend-FIXED/vendor/laravel/framework/src/Illuminate/Http/Middleware/HandleCors.php(62): Illuminate/Pipeline/Pipeline->{closure:{closure:Illuminate/Pipeline/Pipeline::carry():184}:185}()
#45 C:/Users/kings/Downloads/sbrai-app-backend-FIXED/vendor/laravel/framework/src/Illuminate/Pipeline/Pipeline.php(209): Illuminate/Http/Middleware/HandleCors->handle()
#46 C:/Users/kings/Downloads/sbrai-app-backend-FIXED/vendor/laravel/framework/src/Illuminate/Pipeline/Pipeline.php(127): Illuminate/Pipeline/Pipeline->{closure:{closure:Illuminate/Pipeline/Pipeline::carry():184}:185}()
#47 C:/Users/kings/Downloads/sbrai-app-backend-FIXED/vendor/laravel/framework/src/Illuminate/Foundation/Http/Kernel.php(176): Illuminate/Pipeline/Pipeline->then()
#48 C:/Users/kings/Downloads/sbrai-app-backend-FIXED/vendor/laravel/framework/src/Illuminate/Foundation/Http/Kernel.php(145): Illuminate/Foundation/Http/Kernel->sendRequestThroughRouter()
#49 C:/Users/kings/Downloads/sbrai-app-backend-FIXED/vendor/laravel/framework/src/Illuminate/Foundation/Application.php(1220): Illuminate/Foundation/Http/Kernel->handle()
#50 C:/Users/kings/Downloads/sbrai-app-backend-FIXED/public/index.php(17): Illuminate/Foundation/Application->handleRequest()
#51 C:/Users/kings/Downloads/sbrai-app-backend-FIXED/vendor/laravel/framework/src/Illuminate/Foundation/resources/server.php(23): require_once('...')
#52 {main}
"} 
[2026-07-20 22:25:42] local.ERROR: Call to undefined method App\Models\User::tokens() {"exception":"[object] (BadMethodCallException(code: 0): Call to undefined method App\\Models\\User::tokens() at C:/Users/kings/Downloads/sbrai-app-backend-FIXED/vendor/laravel/framework/src/Illuminate/Support/Traits/ForwardsCalls.php:67)
[stacktrace]
#0 C:/Users/kings/Downloads/sbrai-app-backend-FIXED/vendor/laravel/framework/src/Illuminate/Support/Traits/ForwardsCalls.php(36): Illuminate/Database/Eloquent/Model::throwBadMethodCallException()
#1 C:/Users/kings/Downloads/sbrai-app-backend-FIXED/vendor/laravel/framework/src/Illuminate/Database/Eloquent/Model.php(2372): Illuminate/Database/Eloquent/Model->forwardCallTo()
#2 C:/Users/kings/Downloads/sbrai-app-backend-FIXED/app/Http/Controllers/Api/AuthController.php(94): Illuminate/Database/Eloquent/Model->__call()
#3 C:/Users/kings/Downloads/sbrai-app-backend-FIXED/vendor/laravel/framework/src/Illuminate/Routing/Controller.php(54): App/Http/Controllers/Api/AuthController->login()
#4 C:/Users/kings/Downloads/sbrai-app-backend-FIXED/vendor/laravel/framework/src/Illuminate/Routing/ControllerDispatcher.php(44): Illuminate/Routing/Controller->callAction()
#5 C:/Users/kings/Downloads/sbrai-app-backend-FIXED/vendor/laravel/framework/src/Illuminate/Routing/Route.php(266): Illuminate/Routing/ControllerDispatcher->dispatch()
#6 C:/Users/kings/Downloads/sbrai-app-backend-FIXED/vendor/laravel/framework/src/Illuminate/Routing/Route.php(212): Illuminate/Routing/Route->runController()
#7 C:/Users/kings/Downloads/sbrai-app-backend-FIXED/vendor/laravel/framework/src/Illuminate/Routing/Router.php(808): Illuminate/Routing/Route->run()
#8 C:/Users/kings/Downloads/sbrai-app-backend-FIXED/vendor/laravel/framework/src/Illuminate/Pipeline/Pipeline.php(170): Illuminate/Routing/Router->{closure:Illuminate/Routing/Router::runRouteWithinStack():807}()
#9 C:/Users/kings/Downloads/sbrai-app-backend-FIXED/vendor/laravel/framework/src/Illuminate/Routing/Middleware/SubstituteBindings.php(51): Illuminate/Pipeline/Pipeline->{closure:Illuminate/Pipeline/Pipeline::prepareDestination():168}()
#10 C:/Users/kings/Downloads/sbrai-app-backend-FIXED/vendor/laravel/framework/src/Illuminate/Pipeline/Pipeline.php(209): Illuminate/Routing/Middleware/SubstituteBindings->handle()
#11 C:/Users/kings/Downloads/sbrai-app-backend-FIXED/vendor/laravel/framework/src/Illuminate/Pipeline/Pipeline.php(127): Illuminate/Pipeline/Pipeline->{closure:{closure:Illuminate/Pipeline/Pipeline::carry():184}:185}()
#12 C:/Users/kings/Downloads/sbrai-app-backend-FIXED/vendor/laravel/framework/src/Illuminate/Routing/Router.php(807): Illuminate/Pipeline/Pipeline->then()
#13 C:/Users/kings/Downloads/sbrai-app-backend-FIXED/vendor/laravel/framework/src/Illuminate/Routing/Router.php(786): Illuminate/Routing/Router->runRouteWithinStack()
#14 C:/Users/kings/Downloads/sbrai-app-backend-FIXED/vendor/laravel/framework/src/Illuminate/Routing/Router.php(750): Illuminate/Routing/Router->runRoute()
#15 C:/Users/kings/Downloads/sbrai-app-backend-FIXED/vendor/laravel/framework/src/Illuminate/Routing/Router.php(739): Illuminate/Routing/Router->dispatchToRoute()
#16 C:/Users/kings/Downloads/sbrai-app-backend-FIXED/vendor/laravel/framework/src/Illuminate/Foundation/Http/Kernel.php(201): Illuminate/Routing/Router->dispatch()
#17 C:/Users/kings/Downloads/sbrai-app-backend-FIXED/vendor/laravel/framework/src/Illuminate/Pipeline/Pipeline.php(170): Illuminate/Foundation/Http/Kernel->{closure:Illuminate/Foundation/Http/Kernel::dispatchToRouter():198}()
#18 C:/Users/kings/Downloads/sbrai-app-backend-FIXED/vendor/laravel/framework/src/Illuminate/Foundation/Http/Middleware/TransformsRequest.php(21): Illuminate/Pipeline/Pipeline->{closure:Illuminate/Pipeline/Pipeline::prepareDestination():168}()
#19 C:/Users/kings/Downloads/sbrai-app-backend-FIXED/vendor/laravel/framework/src/Illuminate/Foundation/Http/Middleware/ConvertEmptyStringsToNull.php(31): Illuminate/Foundation/Http/Middleware/TransformsRequest->handle()
#20 C:/Users/kings/Downloads/sbrai-app-backend-FIXED/vendor/laravel/framework/src/Illuminate/Pipeline/Pipeline.php(209): Illuminate/Foundation/Http/Middleware/ConvertEmptyStringsToNull->handle()
#21 C:/Users/kings/Downloads/sbrai-app-backend-FIXED/vendor/laravel/framework/src/Illuminate/Foundation/Http/Middleware/TransformsRequest.php(21): Illuminate/Pipeline/Pipeline->{closure:{closure:Illuminate/Pipeline/Pipeline::carry():184}:185}()
#22 C:/Users/kings/Downloads/sbrai-app-backend-FIXED/vendor/laravel/framework/src/Illuminate/Foundation/Http/Middleware/TrimStrings.php(51): Illuminate/Foundation/Http/Middleware/TransformsRequest->handle()
#23 C:/Users/kings/Downloads/sbrai-app-backend-FIXED/vendor/laravel/framework/src/Illuminate/Pipeline/Pipeline.php(209): Illuminate/Foundation/Http/Middleware/TrimStrings->handle()
#24 C:/Users/kings/Downloads/sbrai-app-backend-FIXED/vendor/laravel/framework/src/Illuminate/Http/Middleware/ValidatePostSize.php(27): Illuminate/Pipeline/Pipeline->{closure:{closure:Illuminate/Pipeline/Pipeline::carry():184}:185}()
#25 C:/Users/kings/Downloads/sbrai-app-backend-FIXED/vendor/laravel/framework/src/Illuminate/Pipeline/Pipeline.php(209): Illuminate/Http/Middleware/ValidatePostSize->handle()
#26 C:/Users/kings/Downloads/sbrai-app-backend-FIXED/vendor/laravel/framework/src/Illuminate/Foundation/Http/Middleware/PreventRequestsDuringMaintenance.php(110): Illuminate/Pipeline/Pipeline->{closure:{closure:Illuminate/Pipeline/Pipeline::carry():184}:185}()
#27 C:/Users/kings/Downloads/sbrai-app-backend-FIXED/vendor/laravel/framework/src/Illuminate/Pipeline/Pipeline.php(209): Illuminate/Foundation/Http/Middleware/PreventRequestsDuringMaintenance->handle()
#28 C:/Users/kings/Downloads/sbrai-app-backend-FIXED/vendor/laravel/framework/src/Illuminate/Http/Middleware/TrustProxies.php(58): Illuminate/Pipeline/Pipeline->{closure:{closure:Illuminate/Pipeline/Pipeline::carry():184}:185}()
#29 C:/Users/kings/Downloads/sbrai-app-backend-FIXED/vendor/laravel/framework/src/Illuminate/Pipeline/Pipeline.php(209): Illuminate/Http/Middleware/TrustProxies->handle()
#30 C:/Users/kings/Downloads/sbrai-app-backend-FIXED/vendor/laravel/framework/src/Illuminate/Foundation/Http/Middleware/InvokeDeferredCallbacks.php(22): Illuminate/Pipeline/Pipeline->{closure:{closure:Illuminate/Pipeline/Pipeline::carry():184}:185}()
#31 C:/Users/kings/Downloads/sbrai-app-backend-FIXED/vendor/laravel/framework/src/Illuminate/Pipeline/Pipeline.php(209): Illuminate/Foundation/Http/Middleware/InvokeDeferredCallbacks->handle()
#32 C:/Users/kings/Downloads/sbrai-app-backend-FIXED/vendor/laravel/framework/src/Illuminate/Http/Middleware/HandleCors.php(62): Illuminate/Pipeline/Pipeline->{closure:{closure:Illuminate/Pipeline/Pipeline::carry():184}:185}()
#33 C:/Users/kings/Downloads/sbrai-app-backend-FIXED/vendor/laravel/framework/src/Illuminate/Pipeline/Pipeline.php(209): Illuminate/Http/Middleware/HandleCors->handle()
#34 C:/Users/kings/Downloads/sbrai-app-backend-FIXED/vendor/laravel/framework/src/Illuminate/Pipeline/Pipeline.php(127): Illuminate/Pipeline/Pipeline->{closure:{closure:Illuminate/Pipeline/Pipeline::carry():184}:185}()
#35 C:/Users/kings/Downloads/sbrai-app-backend-FIXED/vendor/laravel/framework/src/Illuminate/Foundation/Http/Kernel.php(176): Illuminate/Pipeline/Pipeline->then()
#36 C:/Users/kings/Downloads/sbrai-app-backend-FIXED/vendor/laravel/framework/src/Illuminate/Foundation/Http/Kernel.php(145): Illuminate/Foundation/Http/Kernel->sendRequestThroughRouter()
#37 C:/Users/kings/Downloads/sbrai-app-backend-FIXED/vendor/laravel/framework/src/Illuminate/Foundation/Application.php(1220): Illuminate/Foundation/Http/Kernel->handle()
#38 C:/Users/kings/Downloads/sbrai-app-backend-FIXED/public/index.php(17): Illuminate/Foundation/Application->handleRequest()
#39 C:/Users/kings/Downloads/sbrai-app-backend-FIXED/vendor/laravel/framework/src/Illuminate/Foundation/resources/server.php(23): require_once('...')
#40 {main}
"} 
[2026-07-20 22:26:27] local.ERROR: Call to undefined method App\Models\User::tokens() {"exception":"[object] (BadMethodCallException(code: 0): Call to undefined method App\\Models\\User::tokens() at C:/Users/kings/Downloads/sbrai-app-backend-FIXED/vendor/laravel/framework/src/Illuminate/Support/Traits/ForwardsCalls.php:67)
[stacktrace]
#0 C:/Users/kings/Downloads/sbrai-app-backend-FIXED/vendor/laravel/framework/src/Illuminate/Support/Traits/ForwardsCalls.php(36): Illuminate/Database/Eloquent/Model::throwBadMethodCallException()
#1 C:/Users/kings/Downloads/sbrai-app-backend-FIXED/vendor/laravel/framework/src/Illuminate/Database/Eloquent/Model.php(2372): Illuminate/Database/Eloquent/Model->forwardCallTo()
#2 C:/Users/kings/Downloads/sbrai-app-backend-FIXED/app/Http/Controllers/Api/AuthController.php(94): Illuminate/Database/Eloquent/Model->__call()
#3 C:/Users/kings/Downloads/sbrai-app-backend-FIXED/vendor/laravel/framework/src/Illuminate/Routing/Controller.php(54): App/Http/Controllers/Api/AuthController->login()
#4 C:/Users/kings/Downloads/sbrai-app-backend-FIXED/vendor/laravel/framework/src/Illuminate/Routing/ControllerDispatcher.php(44): Illuminate/Routing/Controller->callAction()
#5 C:/Users/kings/Downloads/sbrai-app-backend-FIXED/vendor/laravel/framework/src/Illuminate/Routing/Route.php(266): Illuminate/Routing/ControllerDispatcher->dispatch()
#6 C:/Users/kings/Downloads/sbrai-app-backend-FIXED/vendor/laravel/framework/src/Illuminate/Routing/Route.php(212): Illuminate/Routing/Route->runController()
#7 C:/Users/kings/Downloads/sbrai-app-backend-FIXED/vendor/laravel/framework/src/Illuminate/Routing/Router.php(808): Illuminate/Routing/Route->run()
#8 C:/Users/kings/Downloads/sbrai-app-backend-FIXED/vendor/laravel/framework/src/Illuminate/Pipeline/Pipeline.php(170): Illuminate/Routing/Router->{closure:Illuminate/Routing/Router::runRouteWithinStack():807}()
#9 C:/Users/kings/Downloads/sbrai-app-backend-FIXED/vendor/laravel/framework/src/Illuminate/Routing/Middleware/SubstituteBindings.php(51): Illuminate/Pipeline/Pipeline->{closure:Illuminate/Pipeline/Pipeline::prepareDestination():168}()
#10 C:/Users/kings/Downloads/sbrai-app-backend-FIXED/vendor/laravel/framework/src/Illuminate/Pipeline/Pipeline.php(209): Illuminate/Routing/Middleware/SubstituteBindings->handle()
#11 C:/Users/kings/Downloads/sbrai-app-backend-FIXED/vendor/laravel/framework/src/Illuminate/Pipeline/Pipeline.php(127): Illuminate/Pipeline/Pipeline->{closure:{closure:Illuminate/Pipeline/Pipeline::carry():184}:185}()
#12 C:/Users/kings/Downloads/sbrai-app-backend-FIXED/vendor/laravel/framework/src/Illuminate/Routing/Router.php(807): Illuminate/Pipeline/Pipeline->then()
#13 C:/Users/kings/Downloads/sbrai-app-backend-FIXED/vendor/laravel/framework/src/Illuminate/Routing/Router.php(786): Illuminate/Routing/Router->runRouteWithinStack()
#14 C:/Users/kings/Downloads/sbrai-app-backend-FIXED/vendor/laravel/framework/src/Illuminate/Routing/Router.php(750): Illuminate/Routing/Router->runRoute()
#15 C:/Users/kings/Downloads/sbrai-app-backend-FIXED/vendor/laravel/framework/src/Illuminate/Routing/Router.php(739): Illuminate/Routing/Router->dispatchToRoute()
#16 C:/Users/kings/Downloads/sbrai-app-backend-FIXED/vendor/laravel/framework/src/Illuminate/Foundation/Http/Kernel.php(201): Illuminate/Routing/Router->dispatch()
#17 C:/Users/kings/Downloads/sbrai-app-backend-FIXED/vendor/laravel/framework/src/Illuminate/Pipeline/Pipeline.php(170): Illuminate/Foundation/Http/Kernel->{closure:Illuminate/Foundation/Http/Kernel::dispatchToRouter():198}()
#18 C:/Users/kings/Downloads/sbrai-app-backend-FIXED/vendor/laravel/framework/src/Illuminate/Foundation/Http/Middleware/TransformsRequest.php(21): Illuminate/Pipeline/Pipeline->{closure:Illuminate/Pipeline/Pipeline::prepareDestination():168}()
#19 C:/Users/kings/Downloads/sbrai-app-backend-FIXED/vendor/laravel/framework/src/Illuminate/Foundation/Http/Middleware/ConvertEmptyStringsToNull.php(31): Illuminate/Foundation/Http/Middleware/TransformsRequest->handle()
#20 C:/Users/kings/Downloads/sbrai-app-backend-FIXED/vendor/laravel/framework/src/Illuminate/Pipeline/Pipeline.php(209): Illuminate/Foundation/Http/Middleware/ConvertEmptyStringsToNull->handle()
#21 C:/Users/kings/Downloads/sbrai-app-backend-FIXED/vendor/laravel/framework/src/Illuminate/Foundation/Http/Middleware/TransformsRequest.php(21): Illuminate/Pipeline/Pipeline->{closure:{closure:Illuminate/Pipeline/Pipeline::carry():184}:185}()
#22 C:/Users/kings/Downloads/sbrai-app-backend-FIXED/vendor/laravel/framework/src/Illuminate/Foundation/Http/Middleware/TrimStrings.php(51): Illuminate/Foundation/Http/Middleware/TransformsRequest->handle()
#23 C:/Users/kings/Downloads/sbrai-app-backend-FIXED/vendor/laravel/framework/src/Illuminate/Pipeline/Pipeline.php(209): Illuminate/Foundation/Http/Middleware/TrimStrings->handle()
#24 C:/Users/kings/Downloads/sbrai-app-backend-FIXED/vendor/laravel/framework/src/Illuminate/Http/Middleware/ValidatePostSize.php(27): Illuminate/Pipeline/Pipeline->{closure:{closure:Illuminate/Pipeline/Pipeline::carry():184}:185}()
#25 C:/Users/kings/Downloads/sbrai-app-backend-FIXED/vendor/laravel/framework/src/Illuminate/Pipeline/Pipeline.php(209): Illuminate/Http/Middleware/ValidatePostSize->handle()
#26 C:/Users/kings/Downloads/sbrai-app-backend-FIXED/vendor/laravel/framework/src/Illuminate/Foundation/Http/Middleware/PreventRequestsDuringMaintenance.php(110): Illuminate/Pipeline/Pipeline->{closure:{closure:Illuminate/Pipeline/Pipeline::carry():184}:185}()
#27 C:/Users/kings/Downloads/sbrai-app-backend-FIXED/vendor/laravel/framework/src/Illuminate/Pipeline/Pipeline.php(209): Illuminate/Foundation/Http/Middleware/PreventRequestsDuringMaintenance->handle()
#28 C:/Users/kings/Downloads/sbrai-app-backend-FIXED/vendor/laravel/framework/src/Illuminate/Http/Middleware/TrustProxies.php(58): Illuminate/Pipeline/Pipeline->{closure:{closure:Illuminate/Pipeline/Pipeline::carry():184}:185}()
#29 C:/Users/kings/Downloads/sbrai-app-backend-FIXED/vendor/laravel/framework/src/Illuminate/Pipeline/Pipeline.php(209): Illuminate/Http/Middleware/TrustProxies->handle()
#30 C:/Users/kings/Downloads/sbrai-app-backend-FIXED/vendor/laravel/framework/src/Illuminate/Foundation/Http/Middleware/InvokeDeferredCallbacks.php(22): Illuminate/Pipeline/Pipeline->{closure:{closure:Illuminate/Pipeline/Pipeline::carry():184}:185}()
#31 C:/Users/kings/Downloads/sbrai-app-backend-FIXED/vendor/laravel/framework/src/Illuminate/Pipeline/Pipeline.php(209): Illuminate/Foundation/Http/Middleware/InvokeDeferredCallbacks->handle()
#32 C:/Users/kings/Downloads/sbrai-app-backend-FIXED/vendor/laravel/framework/src/Illuminate/Http/Middleware/HandleCors.php(62): Illuminate/Pipeline/Pipeline->{closure:{closure:Illuminate/Pipeline/Pipeline::carry():184}:185}()
#33 C:/Users/kings/Downloads/sbrai-app-backend-FIXED/vendor/laravel/framework/src/Illuminate/Pipeline/Pipeline.php(209): Illuminate/Http/Middleware/HandleCors->handle()
#34 C:/Users/kings/Downloads/sbrai-app-backend-FIXED/vendor/laravel/framework/src/Illuminate/Pipeline/Pipeline.php(127): Illuminate/Pipeline/Pipeline->{closure:{closure:Illuminate/Pipeline/Pipeline::carry():184}:185}()
#35 C:/Users/kings/Downloads/sbrai-app-backend-FIXED/vendor/laravel/framework/src/Illuminate/Foundation/Http/Kernel.php(176): Illuminate/Pipeline/Pipeline->then()
#36 C:/Users/kings/Downloads/sbrai-app-backend-FIXED/vendor/laravel/framework/src/Illuminate/Foundation/Http/Kernel.php(145): Illuminate/Foundation/Http/Kernel->sendRequestThroughRouter()
#37 C:/Users/kings/Downloads/sbrai-app-backend-FIXED/vendor/laravel/framework/src/Illuminate/Foundation/Application.php(1220): Illuminate/Foundation/Http/Kernel->handle()
#38 C:/Users/kings/Downloads/sbrai-app-backend-FIXED/public/index.php(17): Illuminate/Foundation/Application->handleRequest()
#39 C:/Users/kings/Downloads/sbrai-app-backend-FIXED/vendor/laravel/framework/src/Illuminate/Foundation/resources/server.php(23): require_once('...')
#40 {main}
"} 
[2026-07-20 22:32:32] local.ERROR: Cannot assign null to property App\Services\PaystackService::$secretKey of type string {"exception":"[object] (TypeError(code: 0): Cannot assign null to property App\\Services\\PaystackService::$secretKey of type string at C:/Users/kings/Downloads/sbrai-app-backend-FIXED/app/Services/PaystackService.php:26)
[stacktrace]
#0 [internal function]: App/Services/PaystackService->__construct()
#1 C:/Users/kings/Downloads/sbrai-app-backend-FIXED/vendor/laravel/framework/src/Illuminate/Container/Container.php(1004): ReflectionClass->newInstanceArgs()
#2 C:/Users/kings/Downloads/sbrai-app-backend-FIXED/vendor/laravel/framework/src/Illuminate/Container/Container.php(832): Illuminate/Container/Container->build()
#3 C:/Users/kings/Downloads/sbrai-app-backend-FIXED/vendor/laravel/framework/src/Illuminate/Foundation/Application.php(1078): Illuminate/Container/Container->resolve()
#4 C:/Users/kings/Downloads/sbrai-app-backend-FIXED/vendor/laravel/framework/src/Illuminate/Container/Container.php(763): Illuminate/Foundation/Application->resolve()
#5 C:/Users/kings/Downloads/sbrai-app-backend-FIXED/vendor/laravel/framework/src/Illuminate/Foundation/Application.php(1058): Illuminate/Container/Container->make()
#6 C:/Users/kings/Downloads/sbrai-app-backend-FIXED/vendor/laravel/framework/src/Illuminate/Container/Container.php(1133): Illuminate/Foundation/Application->make()
#7 C:/Users/kings/Downloads/sbrai-app-backend-FIXED/vendor/laravel/framework/src/Illuminate/Container/Container.php(1043): Illuminate/Container/Container->resolveClass()
#8 C:/Users/kings/Downloads/sbrai-app-backend-FIXED/vendor/laravel/framework/src/Illuminate/Container/Container.php(994): Illuminate/Container/Container->resolveDependencies()
#9 C:/Users/kings/Downloads/sbrai-app-backend-FIXED/vendor/laravel/framework/src/Illuminate/Container/Container.php(832): Illuminate/Container/Container->build()
#10 C:/Users/kings/Downloads/sbrai-app-backend-FIXED/vendor/laravel/framework/src/Illuminate/Foundation/Application.php(1078): Illuminate/Container/Container->resolve()
#11 C:/Users/kings/Downloads/sbrai-app-backend-FIXED/vendor/laravel/framework/src/Illuminate/Container/Container.php(763): Illuminate/Foundation/Application->resolve()
#12 C:/Users/kings/Downloads/sbrai-app-backend-FIXED/vendor/laravel/framework/src/Illuminate/Foundation/Application.php(1058): Illuminate/Container/Container->make()
#13 C:/Users/kings/Downloads/sbrai-app-backend-FIXED/vendor/laravel/framework/src/Illuminate/Routing/Route.php(285): Illuminate/Foundation/Application->make()
#14 C:/Users/kings/Downloads/sbrai-app-backend-FIXED/vendor/laravel/framework/src/Illuminate/Routing/Route.php(1125): Illuminate/Routing/Route->getController()
#15 C:/Users/kings/Downloads/sbrai-app-backend-FIXED/vendor/laravel/framework/src/Illuminate/Routing/Route.php(1054): Illuminate/Routing/Route->controllerMiddleware()
#16 C:/Users/kings/Downloads/sbrai-app-backend-FIXED/vendor/laravel/framework/src/Illuminate/Routing/Router.php(820): Illuminate/Routing/Route->gatherMiddleware()
#17 C:/Users/kings/Downloads/sbrai-app-backend-FIXED/vendor/laravel/framework/src/Illuminate/Routing/Router.php(802): Illuminate/Routing/Router->gatherRouteMiddleware()
#18 C:/Users/kings/Downloads/sbrai-app-backend-FIXED/vendor/laravel/framework/src/Illuminate/Routing/Router.php(786): Illuminate/Routing/Router->runRouteWithinStack()
#19 C:/Users/kings/Downloads/sbrai-app-backend-FIXED/vendor/laravel/framework/src/Illuminate/Routing/Router.php(750): Illuminate/Routing/Router->runRoute()
#20 C:/Users/kings/Downloads/sbrai-app-backend-FIXED/vendor/laravel/framework/src/Illuminate/Routing/Router.php(739): Illuminate/Routing/Router->dispatchToRoute()
#21 C:/Users/kings/Downloads/sbrai-app-backend-FIXED/vendor/laravel/framework/src/Illuminate/Foundation/Http/Kernel.php(201): Illuminate/Routing/Router->dispatch()
#22 C:/Users/kings/Downloads/sbrai-app-backend-FIXED/vendor/laravel/framework/src/Illuminate/Pipeline/Pipeline.php(170): Illuminate/Foundation/Http/Kernel->{closure:Illuminate/Foundation/Http/Kernel::dispatchToRouter():198}()
#23 C:/Users/kings/Downloads/sbrai-app-backend-FIXED/vendor/laravel/framework/src/Illuminate/Foundation/Http/Middleware/TransformsRequest.php(21): Illuminate/Pipeline/Pipeline->{closure:Illuminate/Pipeline/Pipeline::prepareDestination():168}()
#24 C:/Users/kings/Downloads/sbrai-app-backend-FIXED/vendor/laravel/framework/src/Illuminate/Foundation/Http/Middleware/ConvertEmptyStringsToNull.php(31): Illuminate/Foundation/Http/Middleware/TransformsRequest->handle()
#25 C:/Users/kings/Downloads/sbrai-app-backend-FIXED/vendor/laravel/framework/src/Illuminate/Pipeline/Pipeline.php(209): Illuminate/Foundation/Http/Middleware/ConvertEmptyStringsToNull->handle()
#26 C:/Users/kings/Downloads/sbrai-app-backend-FIXED/vendor/laravel/framework/src/Illuminate/Foundation/Http/Middleware/TransformsRequest.php(21): Illuminate/Pipeline/Pipeline->{closure:{closure:Illuminate/Pipeline/Pipeline::carry():184}:185}()
#27 C:/Users/kings/Downloads/sbrai-app-backend-FIXED/vendor/laravel/framework/src/Illuminate/Foundation/Http/Middleware/TrimStrings.php(51): Illuminate/Foundation/Http/Middleware/TransformsRequest->handle()
#28 C:/Users/kings/Downloads/sbrai-app-backend-FIXED/vendor/laravel/framework/src/Illuminate/Pipeline/Pipeline.php(209): Illuminate/Foundation/Http/Middleware/TrimStrings->handle()
#29 C:/Users/kings/Downloads/sbrai-app-backend-FIXED/vendor/laravel/framework/src/Illuminate/Http/Middleware/ValidatePostSize.php(27): Illuminate/Pipeline/Pipeline->{closure:{closure:Illuminate/Pipeline/Pipeline::carry():184}:185}()
#30 C:/Users/kings/Downloads/sbrai-app-backend-FIXED/vendor/laravel/framework/src/Illuminate/Pipeline/Pipeline.php(209): Illuminate/Http/Middleware/ValidatePostSize->handle()
#31 C:/Users/kings/Downloads/sbrai-app-backend-FIXED/vendor/laravel/framework/src/Illuminate/Foundation/Http/Middleware/PreventRequestsDuringMaintenance.php(110): Illuminate/Pipeline/Pipeline->{closure:{closure:Illuminate/Pipeline/Pipeline::carry():184}:185}()
#32 C:/Users/kings/Downloads/sbrai-app-backend-FIXED/vendor/laravel/framework/src/Illuminate/Pipeline/Pipeline.php(209): Illuminate/Foundation/Http/Middleware/PreventRequestsDuringMaintenance->handle()
#33 C:/Users/kings/Downloads/sbrai-app-backend-FIXED/vendor/laravel/framework/src/Illuminate/Http/Middleware/TrustProxies.php(58): Illuminate/Pipeline/Pipeline->{closure:{closure:Illuminate/Pipeline/Pipeline::carry():184}:185}()
#34 C:/Users/kings/Downloads/sbrai-app-backend-FIXED/vendor/laravel/framework/src/Illuminate/Pipeline/Pipeline.php(209): Illuminate/Http/Middleware/TrustProxies->handle()
#35 C:/Users/kings/Downloads/sbrai-app-backend-FIXED/vendor/laravel/framework/src/Illuminate/Foundation/Http/Middleware/InvokeDeferredCallbacks.php(22): Illuminate/Pipeline/Pipeline->{closure:{closure:Illuminate/Pipeline/Pipeline::carry():184}:185}()
#36 C:/Users/kings/Downloads/sbrai-app-backend-FIXED/vendor/laravel/framework/src/Illuminate/Pipeline/Pipeline.php(209): Illuminate/Foundation/Http/Middleware/InvokeDeferredCallbacks->handle()
#37 C:/Users/kings/Downloads/sbrai-app-backend-FIXED/vendor/laravel/framework/src/Illuminate/Http/Middleware/HandleCors.php(62): Illuminate/Pipeline/Pipeline->{closure:{closure:Illuminate/Pipeline/Pipeline::carry():184}:185}()
#38 C:/Users/kings/Downloads/sbrai-app-backend-FIXED/vendor/laravel/framework/src/Illuminate/Pipeline/Pipeline.php(209): Illuminate/Http/Middleware/HandleCors->handle()
#39 C:/Users/kings/Downloads/sbrai-app-backend-FIXED/vendor/laravel/framework/src/Illuminate/Pipeline/Pipeline.php(127): Illuminate/Pipeline/Pipeline->{closure:{closure:Illuminate/Pipeline/Pipeline::carry():184}:185}()
#40 C:/Users/kings/Downloads/sbrai-app-backend-FIXED/vendor/laravel/framework/src/Illuminate/Foundation/Http/Kernel.php(176): Illuminate/Pipeline/Pipeline->then()
#41 C:/Users/kings/Downloads/sbrai-app-backend-FIXED/vendor/laravel/framework/src/Illuminate/Foundation/Http/Kernel.php(145): Illuminate/Foundation/Http/Kernel->sendRequestThroughRouter()
#42 C:/Users/kings/Downloads/sbrai-app-backend-FIXED/vendor/laravel/framework/src/Illuminate/Foundation/Application.php(1220): Illuminate/Foundation/Http/Kernel->handle()
#43 C:/Users/kings/Downloads/sbrai-app-backend-FIXED/public/index.php(17): Illuminate/Foundation/Application->handleRequest()
#44 C:/Users/kings/Downloads/sbrai-app-backend-FIXED/vendor/laravel/framework/src/Illuminate/Foundation/resources/server.php(23): require_once('...')
#45 {main}
"} 
[2026-07-23 10:24:56] local.ERROR: SQLSTATE[HY000]: General error: 1 near "ALTER": syntax error (Connection: sqlite, SQL: ALTER TABLE transactions ALTER COLUMN id SET DEFAULT (UUID())) {"exception":"[object] (Illuminate\\Database\\QueryException(code: HY000): SQLSTATE[HY000]: General error: 1 near \"ALTER\": syntax error (Connection: sqlite, SQL: ALTER TABLE transactions ALTER COLUMN id SET DEFAULT (UUID())) at C:/Users/kings/Downloads/sbrai-app-backend-FIXED/vendor/laravel/framework/src/Illuminate/Database/Connection.php:825)
[stacktrace]
#0 C:/Users/kings/Downloads/sbrai-app-backend-FIXED/vendor/laravel/framework/src/Illuminate/Database/Connection.php(779): Illuminate/Database/Connection->runQueryCallback()
#1 C:/Users/kings/Downloads/sbrai-app-backend-FIXED/vendor/laravel/framework/src/Illuminate/Database/Connection.php(560): Illuminate/Database/Connection->run()
#2 C:/Users/kings/Downloads/sbrai-app-backend-FIXED/vendor/laravel/framework/src/Illuminate/Database/DatabaseManager.php(495): Illuminate/Database/Connection->statement()
#3 C:/Users/kings/Downloads/sbrai-app-backend-FIXED/vendor/laravel/framework/src/Illuminate/Support/Facades/Facade.php(361): Illuminate/Database/DatabaseManager->__call()
#4 C:/Users/kings/Downloads/sbrai-app-backend-FIXED/database/migrations/2026_07_23_100230_alter_transactions_id_default_uuid.php(10): Illuminate/Support/Facades/Facade::__callStatic()
#5 C:/Users/kings/Downloads/sbrai-app-backend-FIXED/vendor/laravel/framework/src/Illuminate/Database/Migrations/Migrator.php(507): Illuminate/Database/Migrations/Migration@anonymous->up()
#6 C:/Users/kings/Downloads/sbrai-app-backend-FIXED/vendor/laravel/framework/src/Illuminate/Database/Migrations/Migrator.php(432): Illuminate/Database/Migrations/Migrator->runMethod()
#7 C:/Users/kings/Downloads/sbrai-app-backend-FIXED/vendor/laravel/framework/src/Illuminate/Database/Migrations/Migrator.php(441): Illuminate/Database/Migrations/Migrator->{closure:Illuminate/Database/Migrations/Migrator::runMigration():428}()
#8 C:/Users/kings/Downloads/sbrai-app-backend-FIXED/vendor/laravel/framework/src/Illuminate/Database/Migrations/Migrator.php(244): Illuminate/Database/Migrations/Migrator->runMigration()
#9 C:/Users/kings/Downloads/sbrai-app-backend-FIXED/vendor/laravel/framework/src/Illuminate/Console/View/Components/Task.php(40): Illuminate/Database/Migrations/Migrator->{closure:Illuminate/Database/Migrations/Migrator::runUp():244}()
#10 C:/Users/kings/Downloads/sbrai-app-backend-FIXED/vendor/laravel/framework/src/Illuminate/Database/Migrations/Migrator.php(798): Illuminate/Console/View/Components/Task->render()
#11 C:/Users/kings/Downloads/sbrai-app-backend-FIXED/vendor/laravel/framework/src/Illuminate/Database/Migrations/Migrator.php(244): Illuminate/Database/Migrations/Migrator->write()
#12 C:/Users/kings/Downloads/sbrai-app-backend-FIXED/vendor/laravel/framework/src/Illuminate/Database/Migrations/Migrator.php(211): Illuminate/Database/Migrations/Migrator->runUp()
#13 C:/Users/kings/Downloads/sbrai-app-backend-FIXED/vendor/laravel/framework/src/Illuminate/Database/Migrations/Migrator.php(138): Illuminate/Database/Migrations/Migrator->runPending()
#14 C:/Users/kings/Downloads/sbrai-app-backend-FIXED/vendor/laravel/framework/src/Illuminate/Database/Console/Migrations/MigrateCommand.php(117): Illuminate/Database/Migrations/Migrator->run()
#15 C:/Users/kings/Downloads/sbrai-app-backend-FIXED/vendor/laravel/framework/src/Illuminate/Database/Migrations/Migrator.php(658): Illuminate/Database/Console/Migrations/MigrateCommand->{closure:Illuminate/Database/Console/Migrations/MigrateCommand::runMigrations():110}()
#16 C:/Users/kings/Downloads/sbrai-app-backend-FIXED/vendor/laravel/framework/src/Illuminate/Database/Console/Migrations/MigrateCommand.php(110): Illuminate/Database/Migrations/Migrator->usingConnection()
#17 C:/Users/kings/Downloads/sbrai-app-backend-FIXED/vendor/laravel/framework/src/Illuminate/Database/Console/Migrations/MigrateCommand.php(89): Illuminate/Database/Console/Migrations/MigrateCommand->runMigrations()
#18 C:/Users/kings/Downloads/sbrai-app-backend-FIXED/vendor/laravel/framework/src/Illuminate/Container/BoundMethod.php(36): Illuminate/Database/Console/Migrations/MigrateCommand->handle()
#19 C:/Users/kings/Downloads/sbrai-app-backend-FIXED/vendor/laravel/framework/src/Illuminate/Container/Util.php(43): Illuminate/Container/BoundMethod::{closure:Illuminate/Container/BoundMethod::call():35}()
#20 C:/Users/kings/Downloads/sbrai-app-backend-FIXED/vendor/laravel/framework/src/Illuminate/Container/BoundMethod.php(95): Illuminate/Container/Util::unwrapIfClosure()
#21 C:/Users/kings/Downloads/sbrai-app-backend-FIXED/vendor/laravel/framework/src/Illuminate/Container/BoundMethod.php(35): Illuminate/Container/BoundMethod::callBoundMethod()
#22 C:/Users/kings/Downloads/sbrai-app-backend-FIXED/vendor/laravel/framework/src/Illuminate/Container/Container.php(696): Illuminate/Container/BoundMethod::call()
#23 C:/Users/kings/Downloads/sbrai-app-backend-FIXED/vendor/laravel/framework/src/Illuminate/Console/Command.php(213): Illuminate/Container/Container->call()
#24 C:/Users/kings/Downloads/sbrai-app-backend-FIXED/vendor/symfony/console/Command/Command.php(341): Illuminate/Console/Command->execute()
#25 C:/Users/kings/Downloads/sbrai-app-backend-FIXED/vendor/laravel/framework/src/Illuminate/Console/Command.php(182): Symfony/Component/Console/Command/Command->run()
#26 C:/Users/kings/Downloads/sbrai-app-backend-FIXED/vendor/symfony/console/Application.php(1117): Illuminate/Console/Command->run()
#27 C:/Users/kings/Downloads/sbrai-app-backend-FIXED/vendor/symfony/console/Application.php(356): Symfony/Component/Console/Application->doRunCommand()
#28 C:/Users/kings/Downloads/sbrai-app-backend-FIXED/vendor/symfony/console/Application.php(195): Symfony/Component/Console/Application->doRun()
#29 C:/Users/kings/Downloads/sbrai-app-backend-FIXED/vendor/laravel/framework/src/Illuminate/Foundation/Console/Kernel.php(198): Symfony/Component/Console/Application->run()
#30 C:/Users/kings/Downloads/sbrai-app-backend-FIXED/vendor/laravel/framework/src/Illuminate/Foundation/Application.php(1235): Illuminate/Foundation/Console/Kernel->handle()
#31 C:/Users/kings/Downloads/sbrai-app-backend-FIXED/artisan(13): Illuminate/Foundation/Application->handleCommand()
#32 {main}

[previous exception] [object] (PDOException(code: HY000): SQLSTATE[HY000]: General error: 1 near \"ALTER\": syntax error at C:/Users/kings/Downloads/sbrai-app-backend-FIXED/vendor/laravel/framework/src/Illuminate/Database/Connection.php:565)
[stacktrace]
#0 C:/Users/kings/Downloads/sbrai-app-backend-FIXED/vendor/laravel/framework/src/Illuminate/Database/Connection.php(565): PDO->prepare()
#1 C:/Users/kings/Downloads/sbrai-app-backend-FIXED/vendor/laravel/framework/src/Illuminate/Database/Connection.php(812): Illuminate/Database/Connection->{closure:Illuminate/Database/Connection::statement():560}()
#2 C:/Users/kings/Downloads/sbrai-app-backend-FIXED/vendor/laravel/framework/src/Illuminate/Database/Connection.php(779): Illuminate/Database/Connection->runQueryCallback()
#3 C:/Users/kings/Downloads/sbrai-app-backend-FIXED/vendor/laravel/framework/src/Illuminate/Database/Connection.php(560): Illuminate/Database/Connection->run()
#4 C:/Users/kings/Downloads/sbrai-app-backend-FIXED/vendor/laravel/framework/src/Illuminate/Database/DatabaseManager.php(495): Illuminate/Database/Connection->statement()
#5 C:/Users/kings/Downloads/sbrai-app-backend-FIXED/vendor/laravel/framework/src/Illuminate/Support/Facades/Facade.php(361): Illuminate/Database/DatabaseManager->__call()
#6 C:/Users/kings/Downloads/sbrai-app-backend-FIXED/database/migrations/2026_07_23_100230_alter_transactions_id_default_uuid.php(10): Illuminate/Support/Facades/Facade::__callStatic()
#7 C:/Users/kings/Downloads/sbrai-app-backend-FIXED/vendor/laravel/framework/src/Illuminate/Database/Migrations/Migrator.php(507): Illuminate/Database/Migrations/Migration@anonymous->up()
#8 C:/Users/kings/Downloads/sbrai-app-backend-FIXED/vendor/laravel/framework/src/Illuminate/Database/Migrations/Migrator.php(432): Illuminate/Database/Migrations/Migrator->runMethod()
#9 C:/Users/kings/Downloads/sbrai-app-backend-FIXED/vendor/laravel/framework/src/Illuminate/Database/Migrations/Migrator.php(441): Illuminate/Database/Migrations/Migrator->{closure:Illuminate/Database/Migrations/Migrator::runMigration():428}()
#10 C:/Users/kings/Downloads/sbrai-app-backend-FIXED/vendor/laravel/framework/src/Illuminate/Database/Migrations/Migrator.php(244): Illuminate/Database/Migrations/Migrator->runMigration()
#11 C:/Users/kings/Downloads/sbrai-app-backend-FIXED/vendor/laravel/framework/src/Illuminate/Console/View/Components/Task.php(40): Illuminate/Database/Migrations/Migrator->{closure:Illuminate/Database/Migrations/Migrator::runUp():244}()
#12 C:/Users/kings/Downloads/sbrai-app-backend-FIXED/vendor/laravel/framework/src/Illuminate/Database/Migrations/Migrator.php(798): Illuminate/Console/View/Components/Task->render()
#13 C:/Users/kings/Downloads/sbrai-app-backend-FIXED/vendor/laravel/framework/src/Illuminate/Database/Migrations/Migrator.php(244): Illuminate/Database/Migrations/Migrator->write()
#14 C:/Users/kings/Downloads/sbrai-app-backend-FIXED/vendor/laravel/framework/src/Illuminate/Database/Migrations/Migrator.php(211): Illuminate/Database/Migrations/Migrator->runUp()
#15 C:/Users/kings/Downloads/sbrai-app-backend-FIXED/vendor/laravel/framework/src/Illuminate/Database/Migrations/Migrator.php(138): Illuminate/Database/Migrations/Migrator->runPending()
#16 C:/Users/kings/Downloads/sbrai-app-backend-FIXED/vendor/laravel/framework/src/Illuminate/Database/Console/Migrations/MigrateCommand.php(117): Illuminate/Database/Migrations/Migrator->run()
#17 C:/Users/kings/Downloads/sbrai-app-backend-FIXED/vendor/laravel/framework/src/Illuminate/Database/Migrations/Migrator.php(658): Illuminate/Database/Console/Migrations/MigrateCommand->{closure:Illuminate/Database/Console/Migrations/MigrateCommand::runMigrations():110}()
#18 C:/Users/kings/Downloads/sbrai-app-backend-FIXED/vendor/laravel/framework/src/Illuminate/Database/Console/Migrations/MigrateCommand.php(110): Illuminate/Database/Migrations/Migrator->usingConnection()
#19 C:/Users/kings/Downloads/sbrai-app-backend-FIXED/vendor/laravel/framework/src/Illuminate/Database/Console/Migrations/MigrateCommand.php(89): Illuminate/Database/Console/Migrations/MigrateCommand->runMigrations()
#20 C:/Users/kings/Downloads/sbrai-app-backend-FIXED/vendor/laravel/framework/src/Illuminate/Container/BoundMethod.php(36): Illuminate/Database/Console/Migrations/MigrateCommand->handle()
#21 C:/Users/kings/Downloads/sbrai-app-backend-FIXED/vendor/laravel/framework/src/Illuminate/Container/Util.php(43): Illuminate/Container/BoundMethod::{closure:Illuminate/Container/BoundMethod::call():35}()
#22 C:/Users/kings/Downloads/sbrai-app-backend-FIXED/vendor/laravel/framework/src/Illuminate/Container/BoundMethod.php(95): Illuminate/Container/Util::unwrapIfClosure()
#23 C:/Users/kings/Downloads/sbrai-app-backend-FIXED/vendor/laravel/framework/src/Illuminate/Container/BoundMethod.php(35): Illuminate/Container/BoundMethod::callBoundMethod()
#24 C:/Users/kings/Downloads/sbrai-app-backend-FIXED/vendor/laravel/framework/src/Illuminate/Container/Container.php(696): Illuminate/Container/BoundMethod::call()
#25 C:/Users/kings/Downloads/sbrai-app-backend-FIXED/vendor/laravel/framework/src/Illuminate/Console/Command.php(213): Illuminate/Container/Container->call()
#26 C:/Users/kings/Downloads/sbrai-app-backend-FIXED/vendor/symfony/console/Command/Command.php(341): Illuminate/Console/Command->execute()
#27 C:/Users/kings/Downloads/sbrai-app-backend-FIXED/vendor/laravel/framework/src/Illuminate/Console/Command.php(182): Symfony/Component/Console/Command/Command->run()
#28 C:/Users/kings/Downloads/sbrai-app-backend-FIXED/vendor/symfony/console/Application.php(1117): Illuminate/Console/Command->run()
#29 C:/Users/kings/Downloads/sbrai-app-backend-FIXED/vendor/symfony/console/Application.php(356): Symfony/Component/Console/Application->doRunCommand()
#30 C:/Users/kings/Downloads/sbrai-app-backend-FIXED/vendor/symfony/console/Application.php(195): Symfony/Component/Console/Application->doRun()
#31 C:/Users/kings/Downloads/sbrai-app-backend-FIXED/vendor/laravel/framework/src/Illuminate/Foundation/Console/Kernel.php(198): Symfony/Component/Console/Application->run()
#32 C:/Users/kings/Downloads/sbrai-app-backend-FIXED/vendor/laravel/framework/src/Illuminate/Foundation/Application.php(1235): Illuminate/Foundation/Console/Kernel->handle()
#33 C:/Users/kings/Downloads/sbrai-app-backend-FIXED/artisan(13): Illuminate/Foundation/Application->handleCommand()
#34 {main}
"} 
[2026-07-23 10:27:33] local.ERROR: SQLSTATE[HY000]: General error: 1 near "INDEX": syntax error (Connection: sqlite, SQL: ALTER TABLE personal_access_tokens DROP INDEX personal_access_tokens_tokenable_type_tokenable_id_index) {"exception":"[object] (Illuminate\\Database\\QueryException(code: HY000): SQLSTATE[HY000]: General error: 1 near \"INDEX\": syntax error (Connection: sqlite, SQL: ALTER TABLE personal_access_tokens DROP INDEX personal_access_tokens_tokenable_type_tokenable_id_index) at C:/Users/kings/Downloads/sbrai-app-backend-FIXED/vendor/laravel/framework/src/Illuminate/Database/Connection.php:825)
[stacktrace]
#0 C:/Users/kings/Downloads/sbrai-app-backend-FIXED/vendor/laravel/framework/src/Illuminate/Database/Connection.php(779): Illuminate/Database/Connection->runQueryCallback()
#1 C:/Users/kings/Downloads/sbrai-app-backend-FIXED/vendor/laravel/framework/src/Illuminate/Database/Connection.php(560): Illuminate/Database/Connection->run()
#2 C:/Users/kings/Downloads/sbrai-app-backend-FIXED/vendor/laravel/framework/src/Illuminate/Database/DatabaseManager.php(495): Illuminate/Database/Connection->statement()
#3 C:/Users/kings/Downloads/sbrai-app-backend-FIXED/vendor/laravel/framework/src/Illuminate/Support/Facades/Facade.php(361): Illuminate/Database/DatabaseManager->__call()
#4 C:/Users/kings/Downloads/sbrai-app-backend-FIXED/database/migrations/2026_07_23_102306_alter_personal_access_tokens_tokenable_id_to_uuid.php(11): Illuminate/Support/Facades/Facade::__callStatic()
#5 C:/Users/kings/Downloads/sbrai-app-backend-FIXED/vendor/laravel/framework/src/Illuminate/Database/Migrations/Migrator.php(507): Illuminate/Database/Migrations/Migration@anonymous->up()
#6 C:/Users/kings/Downloads/sbrai-app-backend-FIXED/vendor/laravel/framework/src/Illuminate/Database/Migrations/Migrator.php(432): Illuminate/Database/Migrations/Migrator->runMethod()
#7 C:/Users/kings/Downloads/sbrai-app-backend-FIXED/vendor/laravel/framework/src/Illuminate/Database/Migrations/Migrator.php(441): Illuminate/Database/Migrations/Migrator->{closure:Illuminate/Database/Migrations/Migrator::runMigration():428}()
#8 C:/Users/kings/Downloads/sbrai-app-backend-FIXED/vendor/laravel/framework/src/Illuminate/Database/Migrations/Migrator.php(244): Illuminate/Database/Migrations/Migrator->runMigration()
#9 C:/Users/kings/Downloads/sbrai-app-backend-FIXED/vendor/laravel/framework/src/Illuminate/Console/View/Components/Task.php(40): Illuminate/Database/Migrations/Migrator->{closure:Illuminate/Database/Migrations/Migrator::runUp():244}()
#10 C:/Users/kings/Downloads/sbrai-app-backend-FIXED/vendor/laravel/framework/src/Illuminate/Database/Migrations/Migrator.php(798): Illuminate/Console/View/Components/Task->render()
#11 C:/Users/kings/Downloads/sbrai-app-backend-FIXED/vendor/laravel/framework/src/Illuminate/Database/Migrations/Migrator.php(244): Illuminate/Database/Migrations/Migrator->write()
#12 C:/Users/kings/Downloads/sbrai-app-backend-FIXED/vendor/laravel/framework/src/Illuminate/Database/Migrations/Migrator.php(211): Illuminate/Database/Migrations/Migrator->runUp()
#13 C:/Users/kings/Downloads/sbrai-app-backend-FIXED/vendor/laravel/framework/src/Illuminate/Database/Migrations/Migrator.php(138): Illuminate/Database/Migrations/Migrator->runPending()
#14 C:/Users/kings/Downloads/sbrai-app-backend-FIXED/vendor/laravel/framework/src/Illuminate/Database/Console/Migrations/MigrateCommand.php(117): Illuminate/Database/Migrations/Migrator->run()
#15 C:/Users/kings/Downloads/sbrai-app-backend-FIXED/vendor/laravel/framework/src/Illuminate/Database/Migrations/Migrator.php(658): Illuminate/Database/Console/Migrations/MigrateCommand->{closure:Illuminate/Database/Console/Migrations/MigrateCommand::runMigrations():110}()
#16 C:/Users/kings/Downloads/sbrai-app-backend-FIXED/vendor/laravel/framework/src/Illuminate/Database/Console/Migrations/MigrateCommand.php(110): Illuminate/Database/Migrations/Migrator->usingConnection()
#17 C:/Users/kings/Downloads/sbrai-app-backend-FIXED/vendor/laravel/framework/src/Illuminate/Database/Console/Migrations/MigrateCommand.php(89): Illuminate/Database/Console/Migrations/MigrateCommand->runMigrations()
#18 C:/Users/kings/Downloads/sbrai-app-backend-FIXED/vendor/laravel/framework/src/Illuminate/Container/BoundMethod.php(36): Illuminate/Database/Console/Migrations/MigrateCommand->handle()
#19 C:/Users/kings/Downloads/sbrai-app-backend-FIXED/vendor/laravel/framework/src/Illuminate/Container/Util.php(43): Illuminate/Container/BoundMethod::{closure:Illuminate/Container/BoundMethod::call():35}()
#20 C:/Users/kings/Downloads/sbrai-app-backend-FIXED/vendor/laravel/framework/src/Illuminate/Container/BoundMethod.php(95): Illuminate/Container/Util::unwrapIfClosure()
#21 C:/Users/kings/Downloads/sbrai-app-backend-FIXED/vendor/laravel/framework/src/Illuminate/Container/BoundMethod.php(35): Illuminate/Container/BoundMethod::callBoundMethod()
#22 C:/Users/kings/Downloads/sbrai-app-backend-FIXED/vendor/laravel/framework/src/Illuminate/Container/Container.php(696): Illuminate/Container/BoundMethod::call()
#23 C:/Users/kings/Downloads/sbrai-app-backend-FIXED/vendor/laravel/framework/src/Illuminate/Console/Command.php(213): Illuminate/Container/Container->call()
#24 C:/Users/kings/Downloads/sbrai-app-backend-FIXED/vendor/symfony/console/Command/Command.php(341): Illuminate/Console/Command->execute()
#25 C:/Users/kings/Downloads/sbrai-app-backend-FIXED/vendor/laravel/framework/src/Illuminate/Console/Command.php(182): Symfony/Component/Console/Command/Command->run()
#26 C:/Users/kings/Downloads/sbrai-app-backend-FIXED/vendor/symfony/console/Application.php(1117): Illuminate/Console/Command->run()
#27 C:/Users/kings/Downloads/sbrai-app-backend-FIXED/vendor/symfony/console/Application.php(356): Symfony/Component/Console/Application->doRunCommand()
#28 C:/Users/kings/Downloads/sbrai-app-backend-FIXED/vendor/symfony/console/Application.php(195): Symfony/Component/Console/Application->doRun()
#29 C:/Users/kings/Downloads/sbrai-app-backend-FIXED/vendor/laravel/framework/src/Illuminate/Foundation/Console/Kernel.php(198): Symfony/Component/Console/Application->run()
#30 C:/Users/kings/Downloads/sbrai-app-backend-FIXED/vendor/laravel/framework/src/Illuminate/Foundation/Application.php(1235): Illuminate/Foundation/Console/Kernel->handle()
#31 C:/Users/kings/Downloads/sbrai-app-backend-FIXED/artisan(13): Illuminate/Foundation/Application->handleCommand()
#32 {main}

[previous exception] [object] (PDOException(code: HY000): SQLSTATE[HY000]: General error: 1 near \"INDEX\": syntax error at C:/Users/kings/Downloads/sbrai-app-backend-FIXED/vendor/laravel/framework/src/Illuminate/Database/Connection.php:565)
[stacktrace]
#0 C:/Users/kings/Downloads/sbrai-app-backend-FIXED/vendor/laravel/framework/src/Illuminate/Database/Connection.php(565): PDO->prepare()
#1 C:/Users/kings/Downloads/sbrai-app-backend-FIXED/vendor/laravel/framework/src/Illuminate/Database/Connection.php(812): Illuminate/Database/Connection->{closure:Illuminate/Database/Connection::statement():560}()
#2 C:/Users/kings/Downloads/sbrai-app-backend-FIXED/vendor/laravel/framework/src/Illuminate/Database/Connection.php(779): Illuminate/Database/Connection->runQueryCallback()
#3 C:/Users/kings/Downloads/sbrai-app-backend-FIXED/vendor/laravel/framework/src/Illuminate/Database/Connection.php(560): Illuminate/Database/Connection->run()
#4 C:/Users/kings/Downloads/sbrai-app-backend-FIXED/vendor/laravel/framework/src/Illuminate/Database/DatabaseManager.php(495): Illuminate/Database/Connection->statement()
#5 C:/Users/kings/Downloads/sbrai-app-backend-FIXED/vendor/laravel/framework/src/Illuminate/Support/Facades/Facade.php(361): Illuminate/Database/DatabaseManager->__call()
#6 C:/Users/kings/Downloads/sbrai-app-backend-FIXED/database/migrations/2026_07_23_102306_alter_personal_access_tokens_tokenable_id_to_uuid.php(11): Illuminate/Support/Facades/Facade::__callStatic()
#7 C:/Users/kings/Downloads/sbrai-app-backend-FIXED/vendor/laravel/framework/src/Illuminate/Database/Migrations/Migrator.php(507): Illuminate/Database/Migrations/Migration@anonymous->up()
#8 C:/Users/kings/Downloads/sbrai-app-backend-FIXED/vendor/laravel/framework/src/Illuminate/Database/Migrations/Migrator.php(432): Illuminate/Database/Migrations/Migrator->runMethod()
#9 C:/Users/kings/Downloads/sbrai-app-backend-FIXED/vendor/laravel/framework/src/Illuminate/Database/Migrations/Migrator.php(441): Illuminate/Database/Migrations/Migrator->{closure:Illuminate/Database/Migrations/Migrator::runMigration():428}()
#10 C:/Users/kings/Downloads/sbrai-app-backend-FIXED/vendor/laravel/framework/src/Illuminate/Database/Migrations/Migrator.php(244): Illuminate/Database/Migrations/Migrator->runMigration()
#11 C:/Users/kings/Downloads/sbrai-app-backend-FIXED/vendor/laravel/framework/src/Illuminate/Console/View/Components/Task.php(40): Illuminate/Database/Migrations/Migrator->{closure:Illuminate/Database/Migrations/Migrator::runUp():244}()
#12 C:/Users/kings/Downloads/sbrai-app-backend-FIXED/vendor/laravel/framework/src/Illuminate/Database/Migrations/Migrator.php(798): Illuminate/Console/View/Components/Task->render()
#13 C:/Users/kings/Downloads/sbrai-app-backend-FIXED/vendor/laravel/framework/src/Illuminate/Database/Migrations/Migrator.php(244): Illuminate/Database/Migrations/Migrator->write()
#14 C:/Users/kings/Downloads/sbrai-app-backend-FIXED/vendor/laravel/framework/src/Illuminate/Database/Migrations/Migrator.php(211): Illuminate/Database/Migrations/Migrator->runUp()
#15 C:/Users/kings/Downloads/sbrai-app-backend-FIXED/vendor/laravel/framework/src/Illuminate/Database/Migrations/Migrator.php(138): Illuminate/Database/Migrations/Migrator->runPending()
#16 C:/Users/kings/Downloads/sbrai-app-backend-FIXED/vendor/laravel/framework/src/Illuminate/Database/Console/Migrations/MigrateCommand.php(117): Illuminate/Database/Migrations/Migrator->run()
#17 C:/Users/kings/Downloads/sbrai-app-backend-FIXED/vendor/laravel/framework/src/Illuminate/Database/Migrations/Migrator.php(658): Illuminate/Database/Console/Migrations/MigrateCommand->{closure:Illuminate/Database/Console/Migrations/MigrateCommand::runMigrations():110}()
#18 C:/Users/kings/Downloads/sbrai-app-backend-FIXED/vendor/laravel/framework/src/Illuminate/Database/Console/Migrations/MigrateCommand.php(110): Illuminate/Database/Migrations/Migrator->usingConnection()
#19 C:/Users/kings/Downloads/sbrai-app-backend-FIXED/vendor/laravel/framework/src/Illuminate/Database/Console/Migrations/MigrateCommand.php(89): Illuminate/Database/Console/Migrations/MigrateCommand->runMigrations()
#20 C:/Users/kings/Downloads/sbrai-app-backend-FIXED/vendor/laravel/framework/src/Illuminate/Container/BoundMethod.php(36): Illuminate/Database/Console/Migrations/MigrateCommand->handle()
#21 C:/Users/kings/Downloads/sbrai-app-backend-FIXED/vendor/laravel/framework/src/Illuminate/Container/Util.php(43): Illuminate/Container/BoundMethod::{closure:Illuminate/Container/BoundMethod::call():35}()
#22 C:/Users/kings/Downloads/sbrai-app-backend-FIXED/vendor/laravel/framework/src/Illuminate/Container/BoundMethod.php(95): Illuminate/Container/Util::unwrapIfClosure()
#23 C:/Users/kings/Downloads/sbrai-app-backend-FIXED/vendor/laravel/framework/src/Illuminate/Container/BoundMethod.php(35): Illuminate/Container/BoundMethod::callBoundMethod()
#24 C:/Users/kings/Downloads/sbrai-app-backend-FIXED/vendor/laravel/framework/src/Illuminate/Container/Container.php(696): Illuminate/Container/BoundMethod::call()
#25 C:/Users/kings/Downloads/sbrai-app-backend-FIXED/vendor/laravel/framework/src/Illuminate/Console/Command.php(213): Illuminate/Container/Container->call()
#26 C:/Users/kings/Downloads/sbrai-app-backend-FIXED/vendor/symfony/console/Command/Command.php(341): Illuminate/Console/Command->execute()
#27 C:/Users/kings/Downloads/sbrai-app-backend-FIXED/vendor/laravel/framework/src/Illuminate/Console/Command.php(182): Symfony/Component/Console/Command/Command->run()
#28 C:/Users/kings/Downloads/sbrai-app-backend-FIXED/vendor/symfony/console/Application.php(1117): Illuminate/Console/Command->run()
#29 C:/Users/kings/Downloads/sbrai-app-backend-FIXED/vendor/symfony/console/Application.php(356): Symfony/Component/Console/Application->doRunCommand()
#30 C:/Users/kings/Downloads/sbrai-app-backend-FIXED/vendor/symfony/console/Application.php(195): Symfony/Component/Console/Application->doRun()
#31 C:/Users/kings/Downloads/sbrai-app-backend-FIXED/vendor/laravel/framework/src/Illuminate/Foundation/Console/Kernel.php(198): Symfony/Component/Console/Application->run()
#32 C:/Users/kings/Downloads/sbrai-app-backend-FIXED/vendor/laravel/framework/src/Illuminate/Foundation/Application.php(1235): Illuminate/Foundation/Console/Kernel->handle()
#33 C:/Users/kings/Downloads/sbrai-app-backend-FIXED/artisan(13): Illuminate/Foundation/Application->handleCommand()
#34 {main}
"} 
[2026-08-22 08:04:13] local.ERROR: Vite manifest not found at: C:\Users\kings\Downloads\sbrai-app-backend-FIXED\public\build/manifest.json (View: C:\Users\kings\Downloads\sbrai-app-backend-FIXED\resources\views\components\site-layout.blade.php) (View: C:\Users\kings\Downloads\sbrai-app-backend-FIXED\resources\views\components\site-layout.blade.php) {"exception":"[object] (Illuminate\\View\\ViewException(code: 0): Vite manifest not found at: C:\\Users\\kings\\Downloads\\sbrai-app-backend-FIXED\\public\\build/manifest.json (View: C:\\Users\\kings\\Downloads\\sbrai-app-backend-FIXED\\resources\\views\\components\\site-layout.blade.php) (View: C:\\Users\\kings\\Downloads\\sbrai-app-backend-FIXED\\resources\\views\\components\\site-layout.blade.php) at C:/Users/kings/Downloads/sbrai-app-backend-FIXED/vendor/laravel/framework/src/Illuminate/Foundation/Vite.php:934)
[stacktrace]
#0 C:/Users/kings/Downloads/sbrai-app-backend-FIXED/vendor/laravel/framework/src/Illuminate/View/Engines/PhpEngine.php(60): Illuminate/View/Engines/CompilerEngine->handleViewException()
#1 C:/Users/kings/Downloads/sbrai-app-backend-FIXED/vendor/laravel/framework/src/Illuminate/View/Engines/CompilerEngine.php(75): Illuminate/View/Engines/PhpEngine->evaluatePath()
#2 C:/Users/kings/Downloads/sbrai-app-backend-FIXED/vendor/laravel/framework/src/Illuminate/View/View.php(209): Illuminate/View/Engines/CompilerEngine->get()
#3 C:/Users/kings/Downloads/sbrai-app-backend-FIXED/vendor/laravel/framework/src/Illuminate/View/View.php(192): Illuminate/View/View->getContents()
#4 C:/Users/kings/Downloads/sbrai-app-backend-FIXED/vendor/laravel/framework/src/Illuminate/View/View.php(161): Illuminate/View/View->renderContents()
#5 C:/Users/kings/Downloads/sbrai-app-backend-FIXED/vendor/laravel/framework/src/Illuminate/Http/Response.php(79): Illuminate/View/View->render()
#6 C:/Users/kings/Downloads/sbrai-app-backend-FIXED/vendor/laravel/framework/src/Illuminate/Http/Response.php(35): Illuminate/Http/Response->setContent()
#7 C:/Users/kings/Downloads/sbrai-app-backend-FIXED/vendor/laravel/framework/src/Illuminate/Routing/Router.php(920): Illuminate/Http/Response->__construct()
#8 C:/Users/kings/Downloads/sbrai-app-backend-FIXED/vendor/laravel/framework/src/Illuminate/Routing/Router.php(887): Illuminate/Routing/Router::toResponse()
#9 C:/Users/kings/Downloads/sbrai-app-backend-FIXED/vendor/laravel/framework/src/Illuminate/Routing/Router.php(807): Illuminate/Routing/Router->prepareResponse()
#10 C:/Users/kings/Downloads/sbrai-app-backend-FIXED/vendor/laravel/framework/src/Illuminate/Pipeline/Pipeline.php(170): Illuminate/Routing/Router->{closure:Illuminate/Routing/Router::runRouteWithinStack():807}()
#11 C:/Users/kings/Downloads/sbrai-app-backend-FIXED/vendor/laravel/framework/src/Illuminate/Routing/Middleware/SubstituteBindings.php(51): Illuminate/Pipeline/Pipeline->{closure:Illuminate/Pipeline/Pipeline::prepareDestination():168}()
#12 C:/Users/kings/Downloads/sbrai-app-backend-FIXED/vendor/laravel/framework/src/Illuminate/Pipeline/Pipeline.php(209): Illuminate/Routing/Middleware/SubstituteBindings->handle()
#13 C:/Users/kings/Downloads/sbrai-app-backend-FIXED/vendor/laravel/framework/src/Illuminate/Foundation/Http/Middleware/VerifyCsrfToken.php(88): Illuminate/Pipeline/Pipeline->{closure:{closure:Illuminate/Pipeline/Pipeline::carry():184}:185}()
#14 C:/Users/kings/Downloads/sbrai-app-backend-FIXED/vendor/laravel/framework/src/Illuminate/Pipeline/Pipeline.php(209): Illuminate/Foundation/Http/Middleware/VerifyCsrfToken->handle()
#15 C:/Users/kings/Downloads/sbrai-app-backend-FIXED/vendor/laravel/framework/src/Illuminate/View/Middleware/ShareErrorsFromSession.php(49): Illuminate/Pipeline/Pipeline->{closure:{closure:Illuminate/Pipeline/Pipeline::carry():184}:185}()
#16 C:/Users/kings/Downloads/sbrai-app-backend-FIXED/vendor/laravel/framework/src/Illuminate/Pipeline/Pipeline.php(209): Illuminate/View/Middleware/ShareErrorsFromSession->handle()
#17 C:/Users/kings/Downloads/sbrai-app-backend-FIXED/vendor/laravel/framework/src/Illuminate/Session/Middleware/StartSession.php(121): Illuminate/Pipeline/Pipeline->{closure:{closure:Illuminate/Pipeline/Pipeline::carry():184}:185}()
#18 C:/Users/kings/Downloads/sbrai-app-backend-FIXED/vendor/laravel/framework/src/Illuminate/Session/Middleware/StartSession.php(64): Illuminate/Session/Middleware/StartSession->handleStatefulRequest()
#19 C:/Users/kings/Downloads/sbrai-app-backend-FIXED/vendor/laravel/framework/src/Illuminate/Pipeline/Pipeline.php(209): Illuminate/Session/Middleware/StartSession->handle()
#20 C:/Users/kings/Downloads/sbrai-app-backend-FIXED/vendor/laravel/framework/src/Illuminate/Cookie/Middleware/AddQueuedCookiesToResponse.php(37): Illuminate/Pipeline/Pipeline->{closure:{closure:Illuminate/Pipeline/Pipeline::carry():184}:185}()
#21 C:/Users/kings/Downloads/sbrai-app-backend-FIXED/vendor/laravel/framework/src/Illuminate/Pipeline/Pipeline.php(209): Illuminate/Cookie/Middleware/AddQueuedCookiesToResponse->handle()
#22 C:/Users/kings/Downloads/sbrai-app-backend-FIXED/vendor/laravel/framework/src/Illuminate/Cookie/Middleware/EncryptCookies.php(75): Illuminate/Pipeline/Pipeline->{closure:{closure:Illuminate/Pipeline/Pipeline::carry():184}:185}()
#23 C:/Users/kings/Downloads/sbrai-app-backend-FIXED/vendor/laravel/framework/src/Illuminate/Pipeline/Pipeline.php(209): Illuminate/Cookie/Middleware/EncryptCookies->handle()
#24 C:/Users/kings/Downloads/sbrai-app-backend-FIXED/vendor/laravel/framework/src/Illuminate/Pipeline/Pipeline.php(127): Illuminate/Pipeline/Pipeline->{closure:{closure:Illuminate/Pipeline/Pipeline::carry():184}:185}()
#25 C:/Users/kings/Downloads/sbrai-app-backend-FIXED/vendor/laravel/framework/src/Illuminate/Routing/Router.php(807): Illuminate/Pipeline/Pipeline->then()
#26 C:/Users/kings/Downloads/sbrai-app-backend-FIXED/vendor/laravel/framework/src/Illuminate/Routing/Router.php(786): Illuminate/Routing/Router->runRouteWithinStack()
#27 C:/Users/kings/Downloads/sbrai-app-backend-FIXED/vendor/laravel/framework/src/Illuminate/Routing/Router.php(750): Illuminate/Routing/Router->runRoute()
#28 C:/Users/kings/Downloads/sbrai-app-backend-FIXED/vendor/laravel/framework/src/Illuminate/Routing/Router.php(739): Illuminate/Routing/Router->dispatchToRoute()
#29 C:/Users/kings/Downloads/sbrai-app-backend-FIXED/vendor/laravel/framework/src/Illuminate/Foundation/Http/Kernel.php(201): Illuminate/Routing/Router->dispatch()
#30 C:/Users/kings/Downloads/sbrai-app-backend-FIXED/vendor/laravel/framework/src/Illuminate/Pipeline/Pipeline.php(170): Illuminate/Foundation/Http/Kernel->{closure:Illuminate/Foundation/Http/Kernel::dispatchToRouter():198}()
#31 C:/Users/kings/Downloads/sbrai-app-backend-FIXED/vendor/laravel/framework/src/Illuminate/Foundation/Http/Middleware/TransformsRequest.php(21): Illuminate/Pipeline/Pipeline->{closure:Illuminate/Pipeline/Pipeline::prepareDestination():168}()
#32 C:/Users/kings/Downloads/sbrai-app-backend-FIXED/vendor/laravel/framework/src/Illuminate/Foundation/Http/Middleware/ConvertEmptyStringsToNull.php(31): Illuminate/Foundation/Http/Middleware/TransformsRequest->handle()
#33 C:/Users/kings/Downloads/sbrai-app-backend-FIXED/vendor/laravel/framework/src/Illuminate/Pipeline/Pipeline.php(209): Illuminate/Foundation/Http/Middleware/ConvertEmptyStringsToNull->handle()
#34 C:/Users/kings/Downloads/sbrai-app-backend-FIXED/vendor/laravel/framework/src/Illuminate/Foundation/Http/Middleware/TransformsRequest.php(21): Illuminate/Pipeline/Pipeline->{closure:{closure:Illuminate/Pipeline/Pipeline::carry():184}:185}()
#35 C:/Users/kings/Downloads/sbrai-app-backend-FIXED/vendor/laravel/framework/src/Illuminate/Foundation/Http/Middleware/TrimStrings.php(51): Illuminate/Foundation/Http/Middleware/TransformsRequest->handle()
#36 C:/Users/kings/Downloads/sbrai-app-backend-FIXED/vendor/laravel/framework/src/Illuminate/Pipeline/Pipeline.php(209): Illuminate/Foundation/Http/Middleware/TrimStrings->handle()
#37 C:/Users/kings/Downloads/sbrai-app-backend-FIXED/vendor/laravel/framework/src/Illuminate/Http/Middleware/ValidatePostSize.php(27): Illuminate/Pipeline/Pipeline->{closure:{closure:Illuminate/Pipeline/Pipeline::carry():184}:185}()
#38 C:/Users/kings/Downloads/sbrai-app-backend-FIXED/vendor/laravel/framework/src/Illuminate/Pipeline/Pipeline.php(209): Illuminate/Http/Middleware/ValidatePostSize->handle()
#39 C:/Users/kings/Downloads/sbrai-app-backend-FIXED/vendor/laravel/framework/src/Illuminate/Foundation/Http/Middleware/PreventRequestsDuringMaintenance.php(110): Illuminate/Pipeline/Pipeline->{closure:{closure:Illuminate/Pipeline/Pipeline::carry():184}:185}()
#40 C:/Users/kings/Downloads/sbrai-app-backend-FIXED/vendor/laravel/framework/src/Illuminate/Pipeline/Pipeline.php(209): Illuminate/Foundation/Http/Middleware/PreventRequestsDuringMaintenance->handle()
#41 C:/Users/kings/Downloads/sbrai-app-backend-FIXED/vendor/laravel/framework/src/Illuminate/Http/Middleware/HandleCors.php(49): Illuminate/Pipeline/Pipeline->{closure:{closure:Illuminate/Pipeline/Pipeline::carry():184}:185}()
#42 C:/Users/kings/Downloads/sbrai-app-backend-FIXED/vendor/laravel/framework/src/Illuminate/Pipeline/Pipeline.php(209): Illuminate/Http/Middleware/HandleCors->handle()
#43 C:/Users/kings/Downloads/sbrai-app-backend-FIXED/vendor/laravel/framework/src/Illuminate/Http/Middleware/TrustProxies.php(58): Illuminate/Pipeline/Pipeline->{closure:{closure:Illuminate/Pipeline/Pipeline::carry():184}:185}()
#44 C:/Users/kings/Downloads/sbrai-app-backend-FIXED/vendor/laravel/framework/src/Illuminate/Pipeline/Pipeline.php(209): Illuminate/Http/Middleware/TrustProxies->handle()
#45 C:/Users/kings/Downloads/sbrai-app-backend-FIXED/vendor/laravel/framework/src/Illuminate/Foundation/Http/Middleware/InvokeDeferredCallbacks.php(22): Illuminate/Pipeline/Pipeline->{closure:{closure:Illuminate/Pipeline/Pipeline::carry():184}:185}()
#46 C:/Users/kings/Downloads/sbrai-app-backend-FIXED/vendor/laravel/framework/src/Illuminate/Pipeline/Pipeline.php(209): Illuminate/Foundation/Http/Middleware/InvokeDeferredCallbacks->handle()
#47 C:/Users/kings/Downloads/sbrai-app-backend-FIXED/vendor/laravel/framework/src/Illuminate/Pipeline/Pipeline.php(127): Illuminate/Pipeline/Pipeline->{closure:{closure:Illuminate/Pipeline/Pipeline::carry():184}:185}()
#48 C:/Users/kings/Downloads/sbrai-app-backend-FIXED/vendor/laravel/framework/src/Illuminate/Foundation/Http/Kernel.php(176): Illuminate/Pipeline/Pipeline->then()
#49 C:/Users/kings/Downloads/sbrai-app-backend-FIXED/vendor/laravel/framework/src/Illuminate/Foundation/Http/Kernel.php(145): Illuminate/Foundation/Http/Kernel->sendRequestThroughRouter()
#50 C:/Users/kings/Downloads/sbrai-app-backend-FIXED/vendor/laravel/framework/src/Illuminate/Foundation/Application.php(1220): Illuminate/Foundation/Http/Kernel->handle()
#51 C:/Users/kings/Downloads/sbrai-app-backend-FIXED/public/index.php(17): Illuminate/Foundation/Application->handleRequest()
#52 C:/Users/kings/Downloads/sbrai-app-backend-FIXED/vendor/laravel/framework/src/Illuminate/Foundation/resources/server.php(23): require_once('...')
#53 {main}

[previous exception] [object] (Illuminate\\View\\ViewException(code: 0): Vite manifest not found at: C:\\Users\\kings\\Downloads\\sbrai-app-backend-FIXED\\public\\build/manifest.json (View: C:\\Users\\kings\\Downloads\\sbrai-app-backend-FIXED\\resources\\views\\components\\site-layout.blade.php) at C:/Users/kings/Downloads/sbrai-app-backend-FIXED/vendor/laravel/framework/src/Illuminate/Foundation/Vite.php:934)
[stacktrace]
#0 C:/Users/kings/Downloads/sbrai-app-backend-FIXED/vendor/laravel/framework/src/Illuminate/View/Engines/PhpEngine.php(60): Illuminate/View/Engines/CompilerEngine->handleViewException()
#1 C:/Users/kings/Downloads/sbrai-app-backend-FIXED/vendor/laravel/framework/src/Illuminate/View/Engines/CompilerEngine.php(75): Illuminate/View/Engines/PhpEngine->evaluatePath()
#2 C:/Users/kings/Downloads/sbrai-app-backend-FIXED/vendor/laravel/framework/src/Illuminate/View/View.php(209): Illuminate/View/Engines/CompilerEngine->get()
#3 C:/Users/kings/Downloads/sbrai-app-backend-FIXED/vendor/laravel/framework/src/Illuminate/View/View.php(192): Illuminate/View/View->getContents()
#4 C:/Users/kings/Downloads/sbrai-app-backend-FIXED/vendor/laravel/framework/src/Illuminate/View/View.php(161): Illuminate/View/View->renderContents()
#5 C:/Users/kings/Downloads/sbrai-app-backend-FIXED/vendor/laravel/framework/src/Illuminate/View/Concerns/ManagesComponents.php(103): Illuminate/View/View->render()
#6 C:/Users/kings/Downloads/sbrai-app-backend-FIXED/storage/framework/views/70e2c62bf722c915c8b334a9ebbe0988.php(87): Illuminate/View/Factory->renderComponent()
#7 C:/Users/kings/Downloads/sbrai-app-backend-FIXED/vendor/laravel/framework/src/Illuminate/Filesystem/Filesystem.php(123): require('...')
#8 C:/Users/kings/Downloads/sbrai-app-backend-FIXED/vendor/laravel/framework/src/Illuminate/Filesystem/Filesystem.php(124): Illuminate/Filesystem/Filesystem::{closure:Illuminate/Filesystem/Filesystem::getRequire():120}()
#9 C:/Users/kings/Downloads/sbrai-app-backend-FIXED/vendor/laravel/framework/src/Illuminate/View/Engines/PhpEngine.php(58): Illuminate/Filesystem/Filesystem->getRequire()
#10 C:/Users/kings/Downloads/sbrai-app-backend-FIXED/vendor/laravel/framework/src/Illuminate/View/Engines/CompilerEngine.php(75): Illuminate/View/Engines/PhpEngine->evaluatePath()
#11 C:/Users/kings/Downloads/sbrai-app-backend-FIXED/vendor/laravel/framework/src/Illuminate/View/View.php(209): Illuminate/View/Engines/CompilerEngine->get()
#12 C:/Users/kings/Downloads/sbrai-app-backend-FIXED/vendor/laravel/framework/src/Illuminate/View/View.php(192): Illuminate/View/View->getContents()
#13 C:/Users/kings/Downloads/sbrai-app-backend-FIXED/vendor/laravel/framework/src/Illuminate/View/View.php(161): Illuminate/View/View->renderContents()
#14 C:/Users/kings/Downloads/sbrai-app-backend-FIXED/vendor/laravel/framework/src/Illuminate/Http/Response.php(79): Illuminate/View/View->render()
#15 C:/Users/kings/Downloads/sbrai-app-backend-FIXED/vendor/laravel/framework/src/Illuminate/Http/Response.php(35): Illuminate/Http/Response->setContent()
#16 C:/Users/kings/Downloads/sbrai-app-backend-FIXED/vendor/laravel/framework/src/Illuminate/Routing/Router.php(920): Illuminate/Http/Response->__construct()
#17 C:/Users/kings/Downloads/sbrai-app-backend-FIXED/vendor/laravel/framework/src/Illuminate/Routing/Router.php(887): Illuminate/Routing/Router::toResponse()
#18 C:/Users/kings/Downloads/sbrai-app-backend-FIXED/vendor/laravel/framework/src/Illuminate/Routing/Router.php(807): Illuminate/Routing/Router->prepareResponse()
#19 C:/Users/kings/Downloads/sbrai-app-backend-FIXED/vendor/laravel/framework/src/Illuminate/Pipeline/Pipeline.php(170): Illuminate/Routing/Router->{closure:Illuminate/Routing/Router::runRouteWithinStack():807}()
#20 C:/Users/kings/Downloads/sbrai-app-backend-FIXED/vendor/laravel/framework/src/Illuminate/Routing/Middleware/SubstituteBindings.php(51): Illuminate/Pipeline/Pipeline->{closure:Illuminate/Pipeline/Pipeline::prepareDestination():168}()
#21 C:/Users/kings/Downloads/sbrai-app-backend-FIXED/vendor/laravel/framework/src/Illuminate/Pipeline/Pipeline.php(209): Illuminate/Routing/Middleware/SubstituteBindings->handle()
#22 C:/Users/kings/Downloads/sbrai-app-backend-FIXED/vendor/laravel/framework/src/Illuminate/Foundation/Http/Middleware/VerifyCsrfToken.php(88): Illuminate/Pipeline/Pipeline->{closure:{closure:Illuminate/Pipeline/Pipeline::carry():184}:185}()
#23 C:/Users/kings/Downloads/sbrai-app-backend-FIXED/vendor/laravel/framework/src/Illuminate/Pipeline/Pipeline.php(209): Illuminate/Foundation/Http/Middleware/VerifyCsrfToken->handle()
#24 C:/Users/kings/Downloads/sbrai-app-backend-FIXED/vendor/laravel/framework/src/Illuminate/View/Middleware/ShareErrorsFromSession.php(49): Illuminate/Pipeline/Pipeline->{closure:{closure:Illuminate/Pipeline/Pipeline::carry():184}:185}()
#25 C:/Users/kings/Downloads/sbrai-app-backend-FIXED/vendor/laravel/framework/src/Illuminate/Pipeline/Pipeline.php(209): Illuminate/View/Middleware/ShareErrorsFromSession->handle()
#26 C:/Users/kings/Downloads/sbrai-app-backend-FIXED/vendor/laravel/framework/src/Illuminate/Session/Middleware/StartSession.php(121): Illuminate/Pipeline/Pipeline->{closure:{closure:Illuminate/Pipeline/Pipeline::carry():184}:185}()
#27 C:/Users/kings/Downloads/sbrai-app-backend-FIXED/vendor/laravel/framework/src/Illuminate/Session/Middleware/StartSession.php(64): Illuminate/Session/Middleware/StartSession->handleStatefulRequest()
#28 C:/Users/kings/Downloads/sbrai-app-backend-FIXED/vendor/laravel/framework/src/Illuminate/Pipeline/Pipeline.php(209): Illuminate/Session/Middleware/StartSession->handle()
#29 C:/Users/kings/Downloads/sbrai-app-backend-FIXED/vendor/laravel/framework/src/Illuminate/Cookie/Middleware/AddQueuedCookiesToResponse.php(37): Illuminate/Pipeline/Pipeline->{closure:{closure:Illuminate/Pipeline/Pipeline::carry():184}:185}()
#30 C:/Users/kings/Downloads/sbrai-app-backend-FIXED/vendor/laravel/framework/src/Illuminate/Pipeline/Pipeline.php(209): Illuminate/Cookie/Middleware/AddQueuedCookiesToResponse->handle()
#31 C:/Users/kings/Downloads/sbrai-app-backend-FIXED/vendor/laravel/framework/src/Illuminate/Cookie/Middleware/EncryptCookies.php(75): Illuminate/Pipeline/Pipeline->{closure:{closure:Illuminate/Pipeline/Pipeline::carry():184}:185}()
#32 C:/Users/kings/Downloads/sbrai-app-backend-FIXED/vendor/laravel/framework/src/Illuminate/Pipeline/Pipeline.php(209): Illuminate/Cookie/Middleware/EncryptCookies->handle()
#33 C:/Users/kings/Downloads/sbrai-app-backend-FIXED/vendor/laravel/framework/src/Illuminate/Pipeline/Pipeline.php(127): Illuminate/Pipeline/Pipeline->{closure:{closure:Illuminate/Pipeline/Pipeline::carry():184}:185}()
#34 C:/Users/kings/Downloads/sbrai-app-backend-FIXED/vendor/laravel/framework/src/Illuminate/Routing/Router.php(807): Illuminate/Pipeline/Pipeline->then()
#35 C:/Users/kings/Downloads/sbrai-app-backend-FIXED/vendor/laravel/framework/src/Illuminate/Routing/Router.php(786): Illuminate/Routing/Router->runRouteWithinStack()
#36 C:/Users/kings/Downloads/sbrai-app-backend-FIXED/vendor/laravel/framework/src/Illuminate/Routing/Router.php(750): Illuminate/Routing/Router->runRoute()
#37 C:/Users/kings/Downloads/sbrai-app-backend-FIXED/vendor/laravel/framework/src/Illuminate/Routing/Router.php(739): Illuminate/Routing/Router->dispatchToRoute()
#38 C:/Users/kings/Downloads/sbrai-app-backend-FIXED/vendor/laravel/framework/src/Illuminate/Foundation/Http/Kernel.php(201): Illuminate/Routing/Router->dispatch()
#39 C:/Users/kings/Downloads/sbrai-app-backend-FIXED/vendor/laravel/framework/src/Illuminate/Pipeline/Pipeline.php(170): Illuminate/Foundation/Http/Kernel->{closure:Illuminate/Foundation/Http/Kernel::dispatchToRouter():198}()
#40 C:/Users/kings/Downloads/sbrai-app-backend-FIXED/vendor/laravel/framework/src/Illuminate/Foundation/Http/Middleware/TransformsRequest.php(21): Illuminate/Pipeline/Pipeline->{closure:Illuminate/Pipeline/Pipeline::prepareDestination():168}()
#41 C:/Users/kings/Downloads/sbrai-app-backend-FIXED/vendor/laravel/framework/src/Illuminate/Foundation/Http/Middleware/ConvertEmptyStringsToNull.php(31): Illuminate/Foundation/Http/Middleware/TransformsRequest->handle()
#42 C:/Users/kings/Downloads/sbrai-app-backend-FIXED/vendor/laravel/framework/src/Illuminate/Pipeline/Pipeline.php(209): Illuminate/Foundation/Http/Middleware/ConvertEmptyStringsToNull->handle()
#43 C:/Users/kings/Downloads/sbrai-app-backend-FIXED/vendor/laravel/framework/src/Illuminate/Foundation/Http/Middleware/TransformsRequest.php(21): Illuminate/Pipeline/Pipeline->{closure:{closure:Illuminate/Pipeline/Pipeline::carry():184}:185}()
#44 C:/Users/kings/Downloads/sbrai-app-backend-FIXED/vendor/laravel/framework/src/Illuminate/Foundation/Http/Middleware/TrimStrings.php(51): Illuminate/Foundation/Http/Middleware/TransformsRequest->handle()
#45 C:/Users/kings/Downloads/sbrai-app-backend-FIXED/vendor/laravel/framework/src/Illuminate/Pipeline/Pipeline.php(209): Illuminate/Foundation/Http/Middleware/TrimStrings->handle()
#46 C:/Users/kings/Downloads/sbrai-app-backend-FIXED/vendor/laravel/framework/src/Illuminate/Http/Middleware/ValidatePostSize.php(27): Illuminate/Pipeline/Pipeline->{closure:{closure:Illuminate/Pipeline/Pipeline::carry():184}:185}()
#47 C:/Users/kings/Downloads/sbrai-app-backend-FIXED/vendor/laravel/framework/src/Illuminate/Pipeline/Pipeline.php(209): Illuminate/Http/Middleware/ValidatePostSize->handle()
#48 C:/Users/kings/Downloads/sbrai-app-backend-FIXED/vendor/laravel/framework/src/Illuminate/Foundation/Http/Middleware/PreventRequestsDuringMaintenance.php(110): Illuminate/Pipeline/Pipeline->{closure:{closure:Illuminate/Pipeline/Pipeline::carry():184}:185}()
#49 C:/Users/kings/Downloads/sbrai-app-backend-FIXED/vendor/laravel/framework/src/Illuminate/Pipeline/Pipeline.php(209): Illuminate/Foundation/Http/Middleware/PreventRequestsDuringMaintenance->handle()
#50 C:/Users/kings/Downloads/sbrai-app-backend-FIXED/vendor/laravel/framework/src/Illuminate/Http/Middleware/HandleCors.php(49): Illuminate/Pipeline/Pipeline->{closure:{closure:Illuminate/Pipeline/Pipeline::carry():184}:185}()
#51 C:/Users/kings/Downloads/sbrai-app-backend-FIXED/vendor/laravel/framework/src/Illuminate/Pipeline/Pipeline.php(209): Illuminate/Http/Middleware/HandleCors->handle()
#52 C:/Users/kings/Downloads/sbrai-app-backend-FIXED/vendor/laravel/framework/src/Illuminate/Http/Middleware/TrustProxies.php(58): Illuminate/Pipeline/Pipeline->{closure:{closure:Illuminate/Pipeline/Pipeline::carry():184}:185}()
#53 C:/Users/kings/Downloads/sbrai-app-backend-FIXED/vendor/laravel/framework/src/Illuminate/Pipeline/Pipeline.php(209): Illuminate/Http/Middleware/TrustProxies->handle()
#54 C:/Users/kings/Downloads/sbrai-app-backend-FIXED/vendor/laravel/framework/src/Illuminate/Foundation/Http/Middleware/InvokeDeferredCallbacks.php(22): Illuminate/Pipeline/Pipeline->{closure:{closure:Illuminate/Pipeline/Pipeline::carry():184}:185}()
#55 C:/Users/kings/Downloads/sbrai-app-backend-FIXED/vendor/laravel/framework/src/Illuminate/Pipeline/Pipeline.php(209): Illuminate/Foundation/Http/Middleware/InvokeDeferredCallbacks->handle()
#56 C:/Users/kings/Downloads/sbrai-app-backend-FIXED/vendor/laravel/framework/src/Illuminate/Pipeline/Pipeline.php(127): Illuminate/Pipeline/Pipeline->{closure:{closure:Illuminate/Pipeline/Pipeline::carry():184}:185}()
#57 C:/Users/kings/Downloads/sbrai-app-backend-FIXED/vendor/laravel/framework/src/Illuminate/Foundation/Http/Kernel.php(176): Illuminate/Pipeline/Pipeline->then()
#58 C:/Users/kings/Downloads/sbrai-app-backend-FIXED/vendor/laravel/framework/src/Illuminate/Foundation/Http/Kernel.php(145): Illuminate/Foundation/Http/Kernel->sendRequestThroughRouter()
#59 C:/Users/kings/Downloads/sbrai-app-backend-FIXED/vendor/laravel/framework/src/Illuminate/Foundation/Application.php(1220): Illuminate/Foundation/Http/Kernel->handle()
#60 C:/Users/kings/Downloads/sbrai-app-backend-FIXED/public/index.php(17): Illuminate/Foundation/Application->handleRequest()
#61 C:/Users/kings/Downloads/sbrai-app-backend-FIXED/vendor/laravel/framework/src/Illuminate/Foundation/resources/server.php(23): require_once('...')
#62 {main}

[previous exception] [object] (Illuminate\\Foundation\\ViteManifestNotFoundException(code: 0): Vite manifest not found at: C:\\Users\\kings\\Downloads\\sbrai-app-backend-FIXED\\public\\build/manifest.json at C:/Users/kings/Downloads/sbrai-app-backend-FIXED/vendor/laravel/framework/src/Illuminate/Foundation/Vite.php:934)
[stacktrace]
#0 C:/Users/kings/Downloads/sbrai-app-backend-FIXED/vendor/laravel/framework/src/Illuminate/Foundation/Vite.php(384): Illuminate/Foundation/Vite->manifest()
#1 C:/Users/kings/Downloads/sbrai-app-backend-FIXED/storage/framework/views/36672d80a320ab8e5f06e428cbee3d4a.php(8): Illuminate/Foundation/Vite->__invoke()
#2 C:/Users/kings/Downloads/sbrai-app-backend-FIXED/vendor/laravel/framework/src/Illuminate/Filesystem/Filesystem.php(123): require('...')
#3 C:/Users/kings/Downloads/sbrai-app-backend-FIXED/vendor/laravel/framework/src/Illuminate/Filesystem/Filesystem.php(124): Illuminate/Filesystem/Filesystem::{closure:Illuminate/Filesystem/Filesystem::getRequire():120}()
#4 C:/Users/kings/Downloads/sbrai-app-backend-FIXED/vendor/laravel/framework/src/Illuminate/View/Engines/PhpEngine.php(58): Illuminate/Filesystem/Filesystem->getRequire()
#5 C:/Users/kings/Downloads/sbrai-app-backend-FIXED/vendor/laravel/framework/src/Illuminate/View/Engines/CompilerEngine.php(75): Illuminate/View/Engines/PhpEngine->evaluatePath()
#6 C:/Users/kings/Downloads/sbrai-app-backend-FIXED/vendor/laravel/framework/src/Illuminate/View/View.php(209): Illuminate/View/Engines/CompilerEngine->get()
#7 C:/Users/kings/Downloads/sbrai-app-backend-FIXED/vendor/laravel/framework/src/Illuminate/View/View.php(192): Illuminate/View/View->getContents()
#8 C:/Users/kings/Downloads/sbrai-app-backend-FIXED/vendor/laravel/framework/src/Illuminate/View/View.php(161): Illuminate/View/View->renderContents()
#9 C:/Users/kings/Downloads/sbrai-app-backend-FIXED/vendor/laravel/framework/src/Illuminate/View/Concerns/ManagesComponents.php(103): Illuminate/View/View->render()
#10 C:/Users/kings/Downloads/sbrai-app-backend-FIXED/storage/framework/views/70e2c62bf722c915c8b334a9ebbe0988.php(87): Illuminate/View/Factory->renderComponent()
#11 C:/Users/kings/Downloads/sbrai-app-backend-FIXED/vendor/laravel/framework/src/Illuminate/Filesystem/Filesystem.php(123): require('...')
#12 C:/Users/kings/Downloads/sbrai-app-backend-FIXED/vendor/laravel/framework/src/Illuminate/Filesystem/Filesystem.php(124): Illuminate/Filesystem/Filesystem::{closure:Illuminate/Filesystem/Filesystem::getRequire():120}()
#13 C:/Users/kings/Downloads/sbrai-app-backend-FIXED/vendor/laravel/framework/src/Illuminate/View/Engines/PhpEngine.php(58): Illuminate/Filesystem/Filesystem->getRequire()
#14 C:/Users/kings/Downloads/sbrai-app-backend-FIXED/vendor/laravel/framework/src/Illuminate/View/Engines/CompilerEngine.php(75): Illuminate/View/Engines/PhpEngine->evaluatePath()
#15 C:/Users/kings/Downloads/sbrai-app-backend-FIXED/vendor/laravel/framework/src/Illuminate/View/View.php(209): Illuminate/View/Engines/CompilerEngine->get()
#16 C:/Users/kings/Downloads/sbrai-app-backend-FIXED/vendor/laravel/framework/src/Illuminate/View/View.php(192): Illuminate/View/View->getContents()
#17 C:/Users/kings/Downloads/sbrai-app-backend-FIXED/vendor/laravel/framework/src/Illuminate/View/View.php(161): Illuminate/View/View->renderContents()
#18 C:/Users/kings/Downloads/sbrai-app-backend-FIXED/vendor/laravel/framework/src/Illuminate/Http/Response.php(79): Illuminate/View/View->render()
#19 C:/Users/kings/Downloads/sbrai-app-backend-FIXED/vendor/laravel/framework/src/Illuminate/Http/Response.php(35): Illuminate/Http/Response->setContent()
#20 C:/Users/kings/Downloads/sbrai-app-backend-FIXED/vendor/laravel/framework/src/Illuminate/Routing/Router.php(920): Illuminate/Http/Response->__construct()
#21 C:/Users/kings/Downloads/sbrai-app-backend-FIXED/vendor/laravel/framework/src/Illuminate/Routing/Router.php(887): Illuminate/Routing/Router::toResponse()
#22 C:/Users/kings/Downloads/sbrai-app-backend-FIXED/vendor/laravel/framework/src/Illuminate/Routing/Router.php(807): Illuminate/Routing/Router->prepareResponse()
#23 C:/Users/kings/Downloads/sbrai-app-backend-FIXED/vendor/laravel/framework/src/Illuminate/Pipeline/Pipeline.php(170): Illuminate/Routing/Router->{closure:Illuminate/Routing/Router::runRouteWithinStack():807}()
#24 C:/Users/kings/Downloads/sbrai-app-backend-FIXED/vendor/laravel/framework/src/Illuminate/Routing/Middleware/SubstituteBindings.php(51): Illuminate/Pipeline/Pipeline->{closure:Illuminate/Pipeline/Pipeline::prepareDestination():168}()
#25 C:/Users/kings/Downloads/sbrai-app-backend-FIXED/vendor/laravel/framework/src/Illuminate/Pipeline/Pipeline.php(209): Illuminate/Routing/Middleware/SubstituteBindings->handle()
#26 C:/Users/kings/Downloads/sbrai-app-backend-FIXED/vendor/laravel/framework/src/Illuminate/Foundation/Http/Middleware/VerifyCsrfToken.php(88): Illuminate/Pipeline/Pipeline->{closure:{closure:Illuminate/Pipeline/Pipeline::carry():184}:185}()
#27 C:/Users/kings/Downloads/sbrai-app-backend-FIXED/vendor/laravel/framework/src/Illuminate/Pipeline/Pipeline.php(209): Illuminate/Foundation/Http/Middleware/VerifyCsrfToken->handle()
#28 C:/Users/kings/Downloads/sbrai-app-backend-FIXED/vendor/laravel/framework/src/Illuminate/View/Middleware/ShareErrorsFromSession.php(49): Illuminate/Pipeline/Pipeline->{closure:{closure:Illuminate/Pipeline/Pipeline::carry():184}:185}()
#29 C:/Users/kings/Downloads/sbrai-app-backend-FIXED/vendor/laravel/framework/src/Illuminate/Pipeline/Pipeline.php(209): Illuminate/View/Middleware/ShareErrorsFromSession->handle()
#30 C:/Users/kings/Downloads/sbrai-app-backend-FIXED/vendor/laravel/framework/src/Illuminate/Session/Middleware/StartSession.php(121): Illuminate/Pipeline/Pipeline->{closure:{closure:Illuminate/Pipeline/Pipeline::carry():184}:185}()
#31 C:/Users/kings/Downloads/sbrai-app-backend-FIXED/vendor/laravel/framework/src/Illuminate/Session/Middleware/StartSession.php(64): Illuminate/Session/Middleware/StartSession->handleStatefulRequest()
#32 C:/Users/kings/Downloads/sbrai-app-backend-FIXED/vendor/laravel/framework/src/Illuminate/Pipeline/Pipeline.php(209): Illuminate/Session/Middleware/StartSession->handle()
#33 C:/Users/kings/Downloads/sbrai-app-backend-FIXED/vendor/laravel/framework/src/Illuminate/Cookie/Middleware/AddQueuedCookiesToResponse.php(37): Illuminate/Pipeline/Pipeline->{closure:{closure:Illuminate/Pipeline/Pipeline::carry():184}:185}()
#34 C:/Users/kings/Downloads/sbrai-app-backend-FIXED/vendor/laravel/framework/src/Illuminate/Pipeline/Pipeline.php(209): Illuminate/Cookie/Middleware/AddQueuedCookiesToResponse->handle()
#35 C:/Users/kings/Downloads/sbrai-app-backend-FIXED/vendor/laravel/framework/src/Illuminate/Cookie/Middleware/EncryptCookies.php(75): Illuminate/Pipeline/Pipeline->{closure:{closure:Illuminate/Pipeline/Pipeline::carry():184}:185}()
#36 C:/Users/kings/Downloads/sbrai-app-backend-FIXED/vendor/laravel/framework/src/Illuminate/Pipeline/Pipeline.php(209): Illuminate/Cookie/Middleware/EncryptCookies->handle()
#37 C:/Users/kings/Downloads/sbrai-app-backend-FIXED/vendor/laravel/framework/src/Illuminate/Pipeline/Pipeline.php(127): Illuminate/Pipeline/Pipeline->{closure:{closure:Illuminate/Pipeline/Pipeline::carry():184}:185}()
#38 C:/Users/kings/Downloads/sbrai-app-backend-FIXED/vendor/laravel/framework/src/Illuminate/Routing/Router.php(807): Illuminate/Pipeline/Pipeline->then()
#39 C:/Users/kings/Downloads/sbrai-app-backend-FIXED/vendor/laravel/framework/src/Illuminate/Routing/Router.php(786): Illuminate/Routing/Router->runRouteWithinStack()
#40 C:/Users/kings/Downloads/sbrai-app-backend-FIXED/vendor/laravel/framework/src/Illuminate/Routing/Router.php(750): Illuminate/Routing/Router->runRoute()
#41 C:/Users/kings/Downloads/sbrai-app-backend-FIXED/vendor/laravel/framework/src/Illuminate/Routing/Router.php(739): Illuminate/Routing/Router->dispatchToRoute()
#42 C:/Users/kings/Downloads/sbrai-app-backend-FIXED/vendor/laravel/framework/src/Illuminate/Foundation/Http/Kernel.php(201): Illuminate/Routing/Router->dispatch()
#43 C:/Users/kings/Downloads/sbrai-app-backend-FIXED/vendor/laravel/framework/src/Illuminate/Pipeline/Pipeline.php(170): Illuminate/Foundation/Http/Kernel->{closure:Illuminate/Foundation/Http/Kernel::dispatchToRouter():198}()
#44 C:/Users/kings/Downloads/sbrai-app-backend-FIXED/vendor/laravel/framework/src/Illuminate/Foundation/Http/Middleware/TransformsRequest.php(21): Illuminate/Pipeline/Pipeline->{closure:Illuminate/Pipeline/Pipeline::prepareDestination():168}()
#45 C:/Users/kings/Downloads/sbrai-app-backend-FIXED/vendor/laravel/framework/src/Illuminate/Foundation/Http/Middleware/ConvertEmptyStringsToNull.php(31): Illuminate/Foundation/Http/Middleware/TransformsRequest->handle()
#46 C:/Users/kings/Downloads/sbrai-app-backend-FIXED/vendor/laravel/framework/src/Illuminate/Pipeline/Pipeline.php(209): Illuminate/Foundation/Http/Middleware/ConvertEmptyStringsToNull->handle()
#47 C:/Users/kings/Downloads/sbrai-app-backend-FIXED/vendor/laravel/framework/src/Illuminate/Foundation/Http/Middleware/TransformsRequest.php(21): Illuminate/Pipeline/Pipeline->{closure:{closure:Illuminate/Pipeline/Pipeline::carry():184}:185}()
#48 C:/Users/kings/Downloads/sbrai-app-backend-FIXED/vendor/laravel/framework/src/Illuminate/Foundation/Http/Middleware/TrimStrings.php(51): Illuminate/Foundation/Http/Middleware/TransformsRequest->handle()
#49 C:/Users/kings/Downloads/sbrai-app-backend-FIXED/vendor/laravel/framework/src/Illuminate/Pipeline/Pipeline.php(209): Illuminate/Foundation/Http/Middleware/TrimStrings->handle()
#50 C:/Users/kings/Downloads/sbrai-app-backend-FIXED/vendor/laravel/framework/src/Illuminate/Http/Middleware/ValidatePostSize.php(27): Illuminate/Pipeline/Pipeline->{closure:{closure:Illuminate/Pipeline/Pipeline::carry():184}:185}()
#51 C:/Users/kings/Downloads/sbrai-app-backend-FIXED/vendor/laravel/framework/src/Illuminate/Pipeline/Pipeline.php(209): Illuminate/Http/Middleware/ValidatePostSize->handle()
#52 C:/Users/kings/Downloads/sbrai-app-backend-FIXED/vendor/laravel/framework/src/Illuminate/Foundation/Http/Middleware/PreventRequestsDuringMaintenance.php(110): Illuminate/Pipeline/Pipeline->{closure:{closure:Illuminate/Pipeline/Pipeline::carry():184}:185}()
#53 C:/Users/kings/Downloads/sbrai-app-backend-FIXED/vendor/laravel/framework/src/Illuminate/Pipeline/Pipeline.php(209): Illuminate/Foundation/Http/Middleware/PreventRequestsDuringMaintenance->handle()
#54 C:/Users/kings/Downloads/sbrai-app-backend-FIXED/vendor/laravel/framework/src/Illuminate/Http/Middleware/HandleCors.php(49): Illuminate/Pipeline/Pipeline->{closure:{closure:Illuminate/Pipeline/Pipeline::carry():184}:185}()
#55 C:/Users/kings/Downloads/sbrai-app-backend-FIXED/vendor/laravel/framework/src/Illuminate/Pipeline/Pipeline.php(209): Illuminate/Http/Middleware/HandleCors->handle()
#56 C:/Users/kings/Downloads/sbrai-app-backend-FIXED/vendor/laravel/framework/src/Illuminate/Http/Middleware/TrustProxies.php(58): Illuminate/Pipeline/Pipeline->{closure:{closure:Illuminate/Pipeline/Pipeline::carry():184}:185}()
#57 C:/Users/kings/Downloads/sbrai-app-backend-FIXED/vendor/laravel/framework/src/Illuminate/Pipeline/Pipeline.php(209): Illuminate/Http/Middleware/TrustProxies->handle()
#58 C:/Users/kings/Downloads/sbrai-app-backend-FIXED/vendor/laravel/framework/src/Illuminate/Foundation/Http/Middleware/InvokeDeferredCallbacks.php(22): Illuminate/Pipeline/Pipeline->{closure:{closure:Illuminate/Pipeline/Pipeline::carry():184}:185}()
#59 C:/Users/kings/Downloads/sbrai-app-backend-FIXED/vendor/laravel/framework/src/Illuminate/Pipeline/Pipeline.php(209): Illuminate/Foundation/Http/Middleware/InvokeDeferredCallbacks->handle()
#60 C:/Users/kings/Downloads/sbrai-app-backend-FIXED/vendor/laravel/framework/src/Illuminate/Pipeline/Pipeline.php(127): Illuminate/Pipeline/Pipeline->{closure:{closure:Illuminate/Pipeline/Pipeline::carry():184}:185}()
#61 C:/Users/kings/Downloads/sbrai-app-backend-FIXED/vendor/laravel/framework/src/Illuminate/Foundation/Http/Kernel.php(176): Illuminate/Pipeline/Pipeline->then()
#62 C:/Users/kings/Downloads/sbrai-app-backend-FIXED/vendor/laravel/framework/src/Illuminate/Foundation/Http/Kernel.php(145): Illuminate/Foundation/Http/Kernel->sendRequestThroughRouter()
#63 C:/Users/kings/Downloads/sbrai-app-backend-FIXED/vendor/laravel/framework/src/Illuminate/Foundation/Application.php(1220): Illuminate/Foundation/Http/Kernel->handle()
#64 C:/Users/kings/Downloads/sbrai-app-backend-FIXED/public/index.php(17): Illuminate/Foundation/Application->handleRequest()
#65 C:/Users/kings/Downloads/sbrai-app-backend-FIXED/vendor/laravel/framework/src/Illuminate/Foundation/resources/server.php(23): require_once('...')
#66 {main}
"} 
[2026-08-23 03:51:12] local.ERROR: SQLSTATE[HY000]: General error: 1 near "INDEX": syntax error (Connection: sqlite, SQL: ALTER TABLE personal_access_tokens DROP INDEX personal_access_tokens_tokenable_type_tokenable_id_index) {"exception":"[object] (Illuminate\\Database\\QueryException(code: HY000): SQLSTATE[HY000]: General error: 1 near \"INDEX\": syntax error (Connection: sqlite, SQL: ALTER TABLE personal_access_tokens DROP INDEX personal_access_tokens_tokenable_type_tokenable_id_index) at C:/Users/kings/Downloads/sbrai-app-backend-FIXED/vendor/laravel/framework/src/Illuminate/Database/Connection.php:825)
[stacktrace]
#0 C:/Users/kings/Downloads/sbrai-app-backend-FIXED/vendor/laravel/framework/src/Illuminate/Database/Connection.php(779): Illuminate/Database/Connection->runQueryCallback()
#1 C:/Users/kings/Downloads/sbrai-app-backend-FIXED/vendor/laravel/framework/src/Illuminate/Database/Connection.php(560): Illuminate/Database/Connection->run()
#2 C:/Users/kings/Downloads/sbrai-app-backend-FIXED/vendor/laravel/framework/src/Illuminate/Database/DatabaseManager.php(495): Illuminate/Database/Connection->statement()
#3 C:/Users/kings/Downloads/sbrai-app-backend-FIXED/vendor/laravel/framework/src/Illuminate/Support/Facades/Facade.php(361): Illuminate/Database/DatabaseManager->__call()
#4 C:/Users/kings/Downloads/sbrai-app-backend-FIXED/database/migrations/2026_07_23_102306_alter_personal_access_tokens_tokenable_id_to_uuid.php(11): Illuminate/Support/Facades/Facade::__callStatic()
#5 C:/Users/kings/Downloads/sbrai-app-backend-FIXED/vendor/laravel/framework/src/Illuminate/Database/Migrations/Migrator.php(507): Illuminate/Database/Migrations/Migration@anonymous->up()
#6 C:/Users/kings/Downloads/sbrai-app-backend-FIXED/vendor/laravel/framework/src/Illuminate/Database/Migrations/Migrator.php(432): Illuminate/Database/Migrations/Migrator->runMethod()
#7 C:/Users/kings/Downloads/sbrai-app-backend-FIXED/vendor/laravel/framework/src/Illuminate/Database/Migrations/Migrator.php(441): Illuminate/Database/Migrations/Migrator->{closure:Illuminate/Database/Migrations/Migrator::runMigration():428}()
#8 C:/Users/kings/Downloads/sbrai-app-backend-FIXED/vendor/laravel/framework/src/Illuminate/Database/Migrations/Migrator.php(244): Illuminate/Database/Migrations/Migrator->runMigration()
#9 C:/Users/kings/Downloads/sbrai-app-backend-FIXED/vendor/laravel/framework/src/Illuminate/Console/View/Components/Task.php(40): Illuminate/Database/Migrations/Migrator->{closure:Illuminate/Database/Migrations/Migrator::runUp():244}()
#10 C:/Users/kings/Downloads/sbrai-app-backend-FIXED/vendor/laravel/framework/src/Illuminate/Database/Migrations/Migrator.php(798): Illuminate/Console/View/Components/Task->render()
#11 C:/Users/kings/Downloads/sbrai-app-backend-FIXED/vendor/laravel/framework/src/Illuminate/Database/Migrations/Migrator.php(244): Illuminate/Database/Migrations/Migrator->write()
#12 C:/Users/kings/Downloads/sbrai-app-backend-FIXED/vendor/laravel/framework/src/Illuminate/Database/Migrations/Migrator.php(211): Illuminate/Database/Migrations/Migrator->runUp()
#13 C:/Users/kings/Downloads/sbrai-app-backend-FIXED/vendor/laravel/framework/src/Illuminate/Database/Migrations/Migrator.php(138): Illuminate/Database/Migrations/Migrator->runPending()
#14 C:/Users/kings/Downloads/sbrai-app-backend-FIXED/vendor/laravel/framework/src/Illuminate/Database/Console/Migrations/MigrateCommand.php(117): Illuminate/Database/Migrations/Migrator->run()
#15 C:/Users/kings/Downloads/sbrai-app-backend-FIXED/vendor/laravel/framework/src/Illuminate/Database/Migrations/Migrator.php(658): Illuminate/Database/Console/Migrations/MigrateCommand->{closure:Illuminate/Database/Console/Migrations/MigrateCommand::runMigrations():110}()
#16 C:/Users/kings/Downloads/sbrai-app-backend-FIXED/vendor/laravel/framework/src/Illuminate/Database/Console/Migrations/MigrateCommand.php(110): Illuminate/Database/Migrations/Migrator->usingConnection()
#17 C:/Users/kings/Downloads/sbrai-app-backend-FIXED/vendor/laravel/framework/src/Illuminate/Database/Console/Migrations/MigrateCommand.php(89): Illuminate/Database/Console/Migrations/MigrateCommand->runMigrations()
#18 C:/Users/kings/Downloads/sbrai-app-backend-FIXED/vendor/laravel/framework/src/Illuminate/Container/BoundMethod.php(36): Illuminate/Database/Console/Migrations/MigrateCommand->handle()
#19 C:/Users/kings/Downloads/sbrai-app-backend-FIXED/vendor/laravel/framework/src/Illuminate/Container/Util.php(43): Illuminate/Container/BoundMethod::{closure:Illuminate/Container/BoundMethod::call():35}()
#20 C:/Users/kings/Downloads/sbrai-app-backend-FIXED/vendor/laravel/framework/src/Illuminate/Container/BoundMethod.php(95): Illuminate/Container/Util::unwrapIfClosure()
#21 C:/Users/kings/Downloads/sbrai-app-backend-FIXED/vendor/laravel/framework/src/Illuminate/Container/BoundMethod.php(35): Illuminate/Container/BoundMethod::callBoundMethod()
#22 C:/Users/kings/Downloads/sbrai-app-backend-FIXED/vendor/laravel/framework/src/Illuminate/Container/Container.php(696): Illuminate/Container/BoundMethod::call()
#23 C:/Users/kings/Downloads/sbrai-app-backend-FIXED/vendor/laravel/framework/src/Illuminate/Console/Command.php(213): Illuminate/Container/Container->call()
#24 C:/Users/kings/Downloads/sbrai-app-backend-FIXED/vendor/symfony/console/Command/Command.php(341): Illuminate/Console/Command->execute()
#25 C:/Users/kings/Downloads/sbrai-app-backend-FIXED/vendor/laravel/framework/src/Illuminate/Console/Command.php(182): Symfony/Component/Console/Command/Command->run()
#26 C:/Users/kings/Downloads/sbrai-app-backend-FIXED/vendor/symfony/console/Application.php(1117): Illuminate/Console/Command->run()
#27 C:/Users/kings/Downloads/sbrai-app-backend-FIXED/vendor/symfony/console/Application.php(356): Symfony/Component/Console/Application->doRunCommand()
#28 C:/Users/kings/Downloads/sbrai-app-backend-FIXED/vendor/symfony/console/Application.php(195): Symfony/Component/Console/Application->doRun()
#29 C:/Users/kings/Downloads/sbrai-app-backend-FIXED/vendor/laravel/framework/src/Illuminate/Foundation/Console/Kernel.php(198): Symfony/Component/Console/Application->run()
#30 C:/Users/kings/Downloads/sbrai-app-backend-FIXED/vendor/laravel/framework/src/Illuminate/Foundation/Application.php(1235): Illuminate/Foundation/Console/Kernel->handle()
#31 C:/Users/kings/Downloads/sbrai-app-backend-FIXED/artisan(13): Illuminate/Foundation/Application->handleCommand()
#32 {main}

[previous exception] [object] (PDOException(code: HY000): SQLSTATE[HY000]: General error: 1 near \"INDEX\": syntax error at C:/Users/kings/Downloads/sbrai-app-backend-FIXED/vendor/laravel/framework/src/Illuminate/Database/Connection.php:565)
[stacktrace]
#0 C:/Users/kings/Downloads/sbrai-app-backend-FIXED/vendor/laravel/framework/src/Illuminate/Database/Connection.php(565): PDO->prepare()
#1 C:/Users/kings/Downloads/sbrai-app-backend-FIXED/vendor/laravel/framework/src/Illuminate/Database/Connection.php(812): Illuminate/Database/Connection->{closure:Illuminate/Database/Connection::statement():560}()
#2 C:/Users/kings/Downloads/sbrai-app-backend-FIXED/vendor/laravel/framework/src/Illuminate/Database/Connection.php(779): Illuminate/Database/Connection->runQueryCallback()
#3 C:/Users/kings/Downloads/sbrai-app-backend-FIXED/vendor/laravel/framework/src/Illuminate/Database/Connection.php(560): Illuminate/Database/Connection->run()
#4 C:/Users/kings/Downloads/sbrai-app-backend-FIXED/vendor/laravel/framework/src/Illuminate/Database/DatabaseManager.php(495): Illuminate/Database/Connection->statement()
#5 C:/Users/kings/Downloads/sbrai-app-backend-FIXED/vendor/laravel/framework/src/Illuminate/Support/Facades/Facade.php(361): Illuminate/Database/DatabaseManager->__call()
#6 C:/Users/kings/Downloads/sbrai-app-backend-FIXED/database/migrations/2026_07_23_102306_alter_personal_access_tokens_tokenable_id_to_uuid.php(11): Illuminate/Support/Facades/Facade::__callStatic()
#7 C:/Users/kings/Downloads/sbrai-app-backend-FIXED/vendor/laravel/framework/src/Illuminate/Database/Migrations/Migrator.php(507): Illuminate/Database/Migrations/Migration@anonymous->up()
#8 C:/Users/kings/Downloads/sbrai-app-backend-FIXED/vendor/laravel/framework/src/Illuminate/Database/Migrations/Migrator.php(432): Illuminate/Database/Migrations/Migrator->runMethod()
#9 C:/Users/kings/Downloads/sbrai-app-backend-FIXED/vendor/laravel/framework/src/Illuminate/Database/Migrations/Migrator.php(441): Illuminate/Database/Migrations/Migrator->{closure:Illuminate/Database/Migrations/Migrator::runMigration():428}()
#10 C:/Users/kings/Downloads/sbrai-app-backend-FIXED/vendor/laravel/framework/src/Illuminate/Database/Migrations/Migrator.php(244): Illuminate/Database/Migrations/Migrator->runMigration()
#11 C:/Users/kings/Downloads/sbrai-app-backend-FIXED/vendor/laravel/framework/src/Illuminate/Console/View/Components/Task.php(40): Illuminate/Database/Migrations/Migrator->{closure:Illuminate/Database/Migrations/Migrator::runUp():244}()
#12 C:/Users/kings/Downloads/sbrai-app-backend-FIXED/vendor/laravel/framework/src/Illuminate/Database/Migrations/Migrator.php(798): Illuminate/Console/View/Components/Task->render()
#13 C:/Users/kings/Downloads/sbrai-app-backend-FIXED/vendor/laravel/framework/src/Illuminate/Database/Migrations/Migrator.php(244): Illuminate/Database/Migrations/Migrator->write()
#14 C:/Users/kings/Downloads/sbrai-app-backend-FIXED/vendor/laravel/framework/src/Illuminate/Database/Migrations/Migrator.php(211): Illuminate/Database/Migrations/Migrator->runUp()
#15 C:/Users/kings/Downloads/sbrai-app-backend-FIXED/vendor/laravel/framework/src/Illuminate/Database/Migrations/Migrator.php(138): Illuminate/Database/Migrations/Migrator->runPending()
#16 C:/Users/kings/Downloads/sbrai-app-backend-FIXED/vendor/laravel/framework/src/Illuminate/Database/Console/Migrations/MigrateCommand.php(117): Illuminate/Database/Migrations/Migrator->run()
#17 C:/Users/kings/Downloads/sbrai-app-backend-FIXED/vendor/laravel/framework/src/Illuminate/Database/Migrations/Migrator.php(658): Illuminate/Database/Console/Migrations/MigrateCommand->{closure:Illuminate/Database/Console/Migrations/MigrateCommand::runMigrations():110}()
#18 C:/Users/kings/Downloads/sbrai-app-backend-FIXED/vendor/laravel/framework/src/Illuminate/Database/Console/Migrations/MigrateCommand.php(110): Illuminate/Database/Migrations/Migrator->usingConnection()
#19 C:/Users/kings/Downloads/sbrai-app-backend-FIXED/vendor/laravel/framework/src/Illuminate/Database/Console/Migrations/MigrateCommand.php(89): Illuminate/Database/Console/Migrations/MigrateCommand->runMigrations()
#20 C:/Users/kings/Downloads/sbrai-app-backend-FIXED/vendor/laravel/framework/src/Illuminate/Container/BoundMethod.php(36): Illuminate/Database/Console/Migrations/MigrateCommand->handle()
#21 C:/Users/kings/Downloads/sbrai-app-backend-FIXED/vendor/laravel/framework/src/Illuminate/Container/Util.php(43): Illuminate/Container/BoundMethod::{closure:Illuminate/Container/BoundMethod::call():35}()
#22 C:/Users/kings/Downloads/sbrai-app-backend-FIXED/vendor/laravel/framework/src/Illuminate/Container/BoundMethod.php(95): Illuminate/Container/Util::unwrapIfClosure()
#23 C:/Users/kings/Downloads/sbrai-app-backend-FIXED/vendor/laravel/framework/src/Illuminate/Container/BoundMethod.php(35): Illuminate/Container/BoundMethod::callBoundMethod()
#24 C:/Users/kings/Downloads/sbrai-app-backend-FIXED/vendor/laravel/framework/src/Illuminate/Container/Container.php(696): Illuminate/Container/BoundMethod::call()
#25 C:/Users/kings/Downloads/sbrai-app-backend-FIXED/vendor/laravel/framework/src/Illuminate/Console/Command.php(213): Illuminate/Container/Container->call()
#26 C:/Users/kings/Downloads/sbrai-app-backend-FIXED/vendor/symfony/console/Command/Command.php(341): Illuminate/Console/Command->execute()
#27 C:/Users/kings/Downloads/sbrai-app-backend-FIXED/vendor/laravel/framework/src/Illuminate/Console/Command.php(182): Symfony/Component/Console/Command/Command->run()
#28 C:/Users/kings/Downloads/sbrai-app-backend-FIXED/vendor/symfony/console/Application.php(1117): Illuminate/Console/Command->run()
#29 C:/Users/kings/Downloads/sbrai-app-backend-FIXED/vendor/symfony/console/Application.php(356): Symfony/Component/Console/Application->doRunCommand()
#30 C:/Users/kings/Downloads/sbrai-app-backend-FIXED/vendor/symfony/console/Application.php(195): Symfony/Component/Console/Application->doRun()
#31 C:/Users/kings/Downloads/sbrai-app-backend-FIXED/vendor/laravel/framework/src/Illuminate/Foundation/Console/Kernel.php(198): Symfony/Component/Console/Application->run()
#32 C:/Users/kings/Downloads/sbrai-app-backend-FIXED/vendor/laravel/framework/src/Illuminate/Foundation/Application.php(1235): Illuminate/Foundation/Console/Kernel->handle()
#33 C:/Users/kings/Downloads/sbrai-app-backend-FIXED/artisan(13): Illuminate/Foundation/Application->handleCommand()
#34 {main}
"} 
[2026-08-23 04:23:27] local.ERROR: Route [login] not defined. (View: C:\Users\kings\Downloads\sbrai-app-backend-FIXED\resources\views\site\auth.blade.php) {"exception":"[object] (Illuminate\\View\\ViewException(code: 0): Route [login] not defined. (View: C:\\Users\\kings\\Downloads\\sbrai-app-backend-FIXED\\resources\\views\\site\\auth.blade.php) at C:/Users/kings/Downloads/sbrai-app-backend-FIXED/vendor/laravel/framework/src/Illuminate/Routing/UrlGenerator.php:517)
[stacktrace]
#0 C:/Users/kings/Downloads/sbrai-app-backend-FIXED/vendor/laravel/framework/src/Illuminate/View/Engines/PhpEngine.php(60): Illuminate/View/Engines/CompilerEngine->handleViewException()
#1 C:/Users/kings/Downloads/sbrai-app-backend-FIXED/vendor/laravel/framework/src/Illuminate/View/Engines/CompilerEngine.php(75): Illuminate/View/Engines/PhpEngine->evaluatePath()
#2 C:/Users/kings/Downloads/sbrai-app-backend-FIXED/vendor/laravel/framework/src/Illuminate/View/View.php(209): Illuminate/View/Engines/CompilerEngine->get()
#3 C:/Users/kings/Downloads/sbrai-app-backend-FIXED/vendor/laravel/framework/src/Illuminate/View/View.php(192): Illuminate/View/View->getContents()
#4 C:/Users/kings/Downloads/sbrai-app-backend-FIXED/vendor/laravel/framework/src/Illuminate/View/View.php(161): Illuminate/View/View->renderContents()
#5 C:/Users/kings/Downloads/sbrai-app-backend-FIXED/vendor/laravel/framework/src/Illuminate/Http/Response.php(79): Illuminate/View/View->render()
#6 C:/Users/kings/Downloads/sbrai-app-backend-FIXED/vendor/laravel/framework/src/Illuminate/Http/Response.php(35): Illuminate/Http/Response->setContent()
#7 C:/Users/kings/Downloads/sbrai-app-backend-FIXED/vendor/laravel/framework/src/Illuminate/Routing/Router.php(920): Illuminate/Http/Response->__construct()
#8 C:/Users/kings/Downloads/sbrai-app-backend-FIXED/vendor/laravel/framework/src/Illuminate/Routing/Router.php(887): Illuminate/Routing/Router::toResponse()
#9 C:/Users/kings/Downloads/sbrai-app-backend-FIXED/vendor/laravel/framework/src/Illuminate/Routing/Router.php(807): Illuminate/Routing/Router->prepareResponse()
#10 C:/Users/kings/Downloads/sbrai-app-backend-FIXED/vendor/laravel/framework/src/Illuminate/Pipeline/Pipeline.php(170): Illuminate/Routing/Router->{closure:Illuminate/Routing/Router::runRouteWithinStack():807}()
#11 C:/Users/kings/Downloads/sbrai-app-backend-FIXED/vendor/laravel/framework/src/Illuminate/Routing/Middleware/SubstituteBindings.php(51): Illuminate/Pipeline/Pipeline->{closure:Illuminate/Pipeline/Pipeline::prepareDestination():168}()
#12 C:/Users/kings/Downloads/sbrai-app-backend-FIXED/vendor/laravel/framework/src/Illuminate/Pipeline/Pipeline.php(209): Illuminate/Routing/Middleware/SubstituteBindings->handle()
#13 C:/Users/kings/Downloads/sbrai-app-backend-FIXED/vendor/laravel/framework/src/Illuminate/Foundation/Http/Middleware/VerifyCsrfToken.php(88): Illuminate/Pipeline/Pipeline->{closure:{closure:Illuminate/Pipeline/Pipeline::carry():184}:185}()
#14 C:/Users/kings/Downloads/sbrai-app-backend-FIXED/vendor/laravel/framework/src/Illuminate/Pipeline/Pipeline.php(209): Illuminate/Foundation/Http/Middleware/VerifyCsrfToken->handle()
#15 C:/Users/kings/Downloads/sbrai-app-backend-FIXED/vendor/laravel/framework/src/Illuminate/View/Middleware/ShareErrorsFromSession.php(49): Illuminate/Pipeline/Pipeline->{closure:{closure:Illuminate/Pipeline/Pipeline::carry():184}:185}()
#16 C:/Users/kings/Downloads/sbrai-app-backend-FIXED/vendor/laravel/framework/src/Illuminate/Pipeline/Pipeline.php(209): Illuminate/View/Middleware/ShareErrorsFromSession->handle()
#17 C:/Users/kings/Downloads/sbrai-app-backend-FIXED/vendor/laravel/framework/src/Illuminate/Session/Middleware/StartSession.php(121): Illuminate/Pipeline/Pipeline->{closure:{closure:Illuminate/Pipeline/Pipeline::carry():184}:185}()
#18 C:/Users/kings/Downloads/sbrai-app-backend-FIXED/vendor/laravel/framework/src/Illuminate/Session/Middleware/StartSession.php(64): Illuminate/Session/Middleware/StartSession->handleStatefulRequest()
#19 C:/Users/kings/Downloads/sbrai-app-backend-FIXED/vendor/laravel/framework/src/Illuminate/Pipeline/Pipeline.php(209): Illuminate/Session/Middleware/StartSession->handle()
#20 C:/Users/kings/Downloads/sbrai-app-backend-FIXED/vendor/laravel/framework/src/Illuminate/Cookie/Middleware/AddQueuedCookiesToResponse.php(37): Illuminate/Pipeline/Pipeline->{closure:{closure:Illuminate/Pipeline/Pipeline::carry():184}:185}()
#21 C:/Users/kings/Downloads/sbrai-app-backend-FIXED/vendor/laravel/framework/src/Illuminate/Pipeline/Pipeline.php(209): Illuminate/Cookie/Middleware/AddQueuedCookiesToResponse->handle()
#22 C:/Users/kings/Downloads/sbrai-app-backend-FIXED/vendor/laravel/framework/src/Illuminate/Cookie/Middleware/EncryptCookies.php(75): Illuminate/Pipeline/Pipeline->{closure:{closure:Illuminate/Pipeline/Pipeline::carry():184}:185}()
#23 C:/Users/kings/Downloads/sbrai-app-backend-FIXED/vendor/laravel/framework/src/Illuminate/Pipeline/Pipeline.php(209): Illuminate/Cookie/Middleware/EncryptCookies->handle()
#24 C:/Users/kings/Downloads/sbrai-app-backend-FIXED/vendor/laravel/framework/src/Illuminate/Pipeline/Pipeline.php(127): Illuminate/Pipeline/Pipeline->{closure:{closure:Illuminate/Pipeline/Pipeline::carry():184}:185}()
#25 C:/Users/kings/Downloads/sbrai-app-backend-FIXED/vendor/laravel/framework/src/Illuminate/Routing/Router.php(807): Illuminate/Pipeline/Pipeline->then()
#26 C:/Users/kings/Downloads/sbrai-app-backend-FIXED/vendor/laravel/framework/src/Illuminate/Routing/Router.php(786): Illuminate/Routing/Router->runRouteWithinStack()
#27 C:/Users/kings/Downloads/sbrai-app-backend-FIXED/vendor/laravel/framework/src/Illuminate/Routing/Router.php(750): Illuminate/Routing/Router->runRoute()
#28 C:/Users/kings/Downloads/sbrai-app-backend-FIXED/vendor/laravel/framework/src/Illuminate/Routing/Router.php(739): Illuminate/Routing/Router->dispatchToRoute()
#29 C:/Users/kings/Downloads/sbrai-app-backend-FIXED/vendor/laravel/framework/src/Illuminate/Foundation/Http/Kernel.php(201): Illuminate/Routing/Router->dispatch()
#30 C:/Users/kings/Downloads/sbrai-app-backend-FIXED/vendor/laravel/framework/src/Illuminate/Pipeline/Pipeline.php(170): Illuminate/Foundation/Http/Kernel->{closure:Illuminate/Foundation/Http/Kernel::dispatchToRouter():198}()
#31 C:/Users/kings/Downloads/sbrai-app-backend-FIXED/vendor/laravel/framework/src/Illuminate/Foundation/Http/Middleware/TransformsRequest.php(21): Illuminate/Pipeline/Pipeline->{closure:Illuminate/Pipeline/Pipeline::prepareDestination():168}()
#32 C:/Users/kings/Downloads/sbrai-app-backend-FIXED/vendor/laravel/framework/src/Illuminate/Foundation/Http/Middleware/ConvertEmptyStringsToNull.php(31): Illuminate/Foundation/Http/Middleware/TransformsRequest->handle()
#33 C:/Users/kings/Downloads/sbrai-app-backend-FIXED/vendor/laravel/framework/src/Illuminate/Pipeline/Pipeline.php(209): Illuminate/Foundation/Http/Middleware/ConvertEmptyStringsToNull->handle()
#34 C:/Users/kings/Downloads/sbrai-app-backend-FIXED/vendor/laravel/framework/src/Illuminate/Foundation/Http/Middleware/TransformsRequest.php(21): Illuminate/Pipeline/Pipeline->{closure:{closure:Illuminate/Pipeline/Pipeline::carry():184}:185}()
#35 C:/Users/kings/Downloads/sbrai-app-backend-FIXED/vendor/laravel/framework/src/Illuminate/Foundation/Http/Middleware/TrimStrings.php(51): Illuminate/Foundation/Http/Middleware/TransformsRequest->handle()
#36 C:/Users/kings/Downloads/sbrai-app-backend-FIXED/vendor/laravel/framework/src/Illuminate/Pipeline/Pipeline.php(209): Illuminate/Foundation/Http/Middleware/TrimStrings->handle()
#37 C:/Users/kings/Downloads/sbrai-app-backend-FIXED/vendor/laravel/framework/src/Illuminate/Http/Middleware/ValidatePostSize.php(27): Illuminate/Pipeline/Pipeline->{closure:{closure:Illuminate/Pipeline/Pipeline::carry():184}:185}()
#38 C:/Users/kings/Downloads/sbrai-app-backend-FIXED/vendor/laravel/framework/src/Illuminate/Pipeline/Pipeline.php(209): Illuminate/Http/Middleware/ValidatePostSize->handle()
#39 C:/Users/kings/Downloads/sbrai-app-backend-FIXED/vendor/laravel/framework/src/Illuminate/Foundation/Http/Middleware/PreventRequestsDuringMaintenance.php(110): Illuminate/Pipeline/Pipeline->{closure:{closure:Illuminate/Pipeline/Pipeline::carry():184}:185}()
#40 C:/Users/kings/Downloads/sbrai-app-backend-FIXED/vendor/laravel/framework/src/Illuminate/Pipeline/Pipeline.php(209): Illuminate/Foundation/Http/Middleware/PreventRequestsDuringMaintenance->handle()
#41 C:/Users/kings/Downloads/sbrai-app-backend-FIXED/vendor/laravel/framework/src/Illuminate/Http/Middleware/HandleCors.php(49): Illuminate/Pipeline/Pipeline->{closure:{closure:Illuminate/Pipeline/Pipeline::carry():184}:185}()
#42 C:/Users/kings/Downloads/sbrai-app-backend-FIXED/vendor/laravel/framework/src/Illuminate/Pipeline/Pipeline.php(209): Illuminate/Http/Middleware/HandleCors->handle()
#43 C:/Users/kings/Downloads/sbrai-app-backend-FIXED/vendor/laravel/framework/src/Illuminate/Http/Middleware/TrustProxies.php(58): Illuminate/Pipeline/Pipeline->{closure:{closure:Illuminate/Pipeline/Pipeline::carry():184}:185}()
#44 C:/Users/kings/Downloads/sbrai-app-backend-FIXED/vendor/laravel/framework/src/Illuminate/Pipeline/Pipeline.php(209): Illuminate/Http/Middleware/TrustProxies->handle()
#45 C:/Users/kings/Downloads/sbrai-app-backend-FIXED/vendor/laravel/framework/src/Illuminate/Foundation/Http/Middleware/InvokeDeferredCallbacks.php(22): Illuminate/Pipeline/Pipeline->{closure:{closure:Illuminate/Pipeline/Pipeline::carry():184}:185}()
#46 C:/Users/kings/Downloads/sbrai-app-backend-FIXED/vendor/laravel/framework/src/Illuminate/Pipeline/Pipeline.php(209): Illuminate/Foundation/Http/Middleware/InvokeDeferredCallbacks->handle()
#47 C:/Users/kings/Downloads/sbrai-app-backend-FIXED/vendor/laravel/framework/src/Illuminate/Pipeline/Pipeline.php(127): Illuminate/Pipeline/Pipeline->{closure:{closure:Illuminate/Pipeline/Pipeline::carry():184}:185}()
#48 C:/Users/kings/Downloads/sbrai-app-backend-FIXED/vendor/laravel/framework/src/Illuminate/Foundation/Http/Kernel.php(176): Illuminate/Pipeline/Pipeline->then()
#49 C:/Users/kings/Downloads/sbrai-app-backend-FIXED/vendor/laravel/framework/src/Illuminate/Foundation/Http/Kernel.php(145): Illuminate/Foundation/Http/Kernel->sendRequestThroughRouter()
#50 C:/Users/kings/Downloads/sbrai-app-backend-FIXED/vendor/laravel/framework/src/Illuminate/Foundation/Application.php(1220): Illuminate/Foundation/Http/Kernel->handle()
#51 C:/Users/kings/Downloads/sbrai-app-backend-FIXED/public/index.php(17): Illuminate/Foundation/Application->handleRequest()
#52 C:/Users/kings/Downloads/sbrai-app-backend-FIXED/vendor/laravel/framework/src/Illuminate/Foundation/resources/server.php(23): require_once('...')
#53 {main}

[previous exception] [object] (Symfony\\Component\\Routing\\Exception\\RouteNotFoundException(code: 0): Route [login] not defined. at C:/Users/kings/Downloads/sbrai-app-backend-FIXED/vendor/laravel/framework/src/Illuminate/Routing/UrlGenerator.php:517)
[stacktrace]
#0 C:/Users/kings/Downloads/sbrai-app-backend-FIXED/vendor/laravel/framework/src/Illuminate/Foundation/helpers.php(853): Illuminate/Routing/UrlGenerator->route()
#1 C:/Users/kings/Downloads/sbrai-app-backend-FIXED/storage/framework/views/c17d7011e311b9b27474be87ece80eb6.php(102): route()
#2 C:/Users/kings/Downloads/sbrai-app-backend-FIXED/vendor/laravel/framework/src/Illuminate/Filesystem/Filesystem.php(123): require('...')
#3 C:/Users/kings/Downloads/sbrai-app-backend-FIXED/vendor/laravel/framework/src/Illuminate/Filesystem/Filesystem.php(124): Illuminate/Filesystem/Filesystem::{closure:Illuminate/Filesystem/Filesystem::getRequire():120}()
#4 C:/Users/kings/Downloads/sbrai-app-backend-FIXED/vendor/laravel/framework/src/Illuminate/View/Engines/PhpEngine.php(58): Illuminate/Filesystem/Filesystem->getRequire()
#5 C:/Users/kings/Downloads/sbrai-app-backend-FIXED/vendor/laravel/framework/src/Illuminate/View/Engines/CompilerEngine.php(75): Illuminate/View/Engines/PhpEngine->evaluatePath()
#6 C:/Users/kings/Downloads/sbrai-app-backend-FIXED/vendor/laravel/framework/src/Illuminate/View/View.php(209): Illuminate/View/Engines/CompilerEngine->get()
#7 C:/Users/kings/Downloads/sbrai-app-backend-FIXED/vendor/laravel/framework/src/Illuminate/View/View.php(192): Illuminate/View/View->getContents()
#8 C:/Users/kings/Downloads/sbrai-app-backend-FIXED/vendor/laravel/framework/src/Illuminate/View/View.php(161): Illuminate/View/View->renderContents()
#9 C:/Users/kings/Downloads/sbrai-app-backend-FIXED/vendor/laravel/framework/src/Illuminate/Http/Response.php(79): Illuminate/View/View->render()
#10 C:/Users/kings/Downloads/sbrai-app-backend-FIXED/vendor/laravel/framework/src/Illuminate/Http/Response.php(35): Illuminate/Http/Response->setContent()
#11 C:/Users/kings/Downloads/sbrai-app-backend-FIXED/vendor/laravel/framework/src/Illuminate/Routing/Router.php(920): Illuminate/Http/Response->__construct()
#12 C:/Users/kings/Downloads/sbrai-app-backend-FIXED/vendor/laravel/framework/src/Illuminate/Routing/Router.php(887): Illuminate/Routing/Router::toResponse()
#13 C:/Users/kings/Downloads/sbrai-app-backend-FIXED/vendor/laravel/framework/src/Illuminate/Routing/Router.php(807): Illuminate/Routing/Router->prepareResponse()
#14 C:/Users/kings/Downloads/sbrai-app-backend-FIXED/vendor/laravel/framework/src/Illuminate/Pipeline/Pipeline.php(170): Illuminate/Routing/Router->{closure:Illuminate/Routing/Router::runRouteWithinStack():807}()
#15 C:/Users/kings/Downloads/sbrai-app-backend-FIXED/vendor/laravel/framework/src/Illuminate/Routing/Middleware/SubstituteBindings.php(51): Illuminate/Pipeline/Pipeline->{closure:Illuminate/Pipeline/Pipeline::prepareDestination():168}()
#16 C:/Users/kings/Downloads/sbrai-app-backend-FIXED/vendor/laravel/framework/src/Illuminate/Pipeline/Pipeline.php(209): Illuminate/Routing/Middleware/SubstituteBindings->handle()
#17 C:/Users/kings/Downloads/sbrai-app-backend-FIXED/vendor/laravel/framework/src/Illuminate/Foundation/Http/Middleware/VerifyCsrfToken.php(88): Illuminate/Pipeline/Pipeline->{closure:{closure:Illuminate/Pipeline/Pipeline::carry():184}:185}()
#18 C:/Users/kings/Downloads/sbrai-app-backend-FIXED/vendor/laravel/framework/src/Illuminate/Pipeline/Pipeline.php(209): Illuminate/Foundation/Http/Middleware/VerifyCsrfToken->handle()
#19 C:/Users/kings/Downloads/sbrai-app-backend-FIXED/vendor/laravel/framework/src/Illuminate/View/Middleware/ShareErrorsFromSession.php(49): Illuminate/Pipeline/Pipeline->{closure:{closure:Illuminate/Pipeline/Pipeline::carry():184}:185}()
#20 C:/Users/kings/Downloads/sbrai-app-backend-FIXED/vendor/laravel/framework/src/Illuminate/Pipeline/Pipeline.php(209): Illuminate/View/Middleware/ShareErrorsFromSession->handle()
#21 C:/Users/kings/Downloads/sbrai-app-backend-FIXED/vendor/laravel/framework/src/Illuminate/Session/Middleware/StartSession.php(121): Illuminate/Pipeline/Pipeline->{closure:{closure:Illuminate/Pipeline/Pipeline::carry():184}:185}()
#22 C:/Users/kings/Downloads/sbrai-app-backend-FIXED/vendor/laravel/framework/src/Illuminate/Session/Middleware/StartSession.php(64): Illuminate/Session/Middleware/StartSession->handleStatefulRequest()
#23 C:/Users/kings/Downloads/sbrai-app-backend-FIXED/vendor/laravel/framework/src/Illuminate/Pipeline/Pipeline.php(209): Illuminate/Session/Middleware/StartSession->handle()
#24 C:/Users/kings/Downloads/sbrai-app-backend-FIXED/vendor/laravel/framework/src/Illuminate/Cookie/Middleware/AddQueuedCookiesToResponse.php(37): Illuminate/Pipeline/Pipeline->{closure:{closure:Illuminate/Pipeline/Pipeline::carry():184}:185}()
#25 C:/Users/kings/Downloads/sbrai-app-backend-FIXED/vendor/laravel/framework/src/Illuminate/Pipeline/Pipeline.php(209): Illuminate/Cookie/Middleware/AddQueuedCookiesToResponse->handle()
#26 C:/Users/kings/Downloads/sbrai-app-backend-FIXED/vendor/laravel/framework/src/Illuminate/Cookie/Middleware/EncryptCookies.php(75): Illuminate/Pipeline/Pipeline->{closure:{closure:Illuminate/Pipeline/Pipeline::carry():184}:185}()
#27 C:/Users/kings/Downloads/sbrai-app-backend-FIXED/vendor/laravel/framework/src/Illuminate/Pipeline/Pipeline.php(209): Illuminate/Cookie/Middleware/EncryptCookies->handle()
#28 C:/Users/kings/Downloads/sbrai-app-backend-FIXED/vendor/laravel/framework/src/Illuminate/Pipeline/Pipeline.php(127): Illuminate/Pipeline/Pipeline->{closure:{closure:Illuminate/Pipeline/Pipeline::carry():184}:185}()
#29 C:/Users/kings/Downloads/sbrai-app-backend-FIXED/vendor/laravel/framework/src/Illuminate/Routing/Router.php(807): Illuminate/Pipeline/Pipeline->then()
#30 C:/Users/kings/Downloads/sbrai-app-backend-FIXED/vendor/laravel/framework/src/Illuminate/Routing/Router.php(786): Illuminate/Routing/Router->runRouteWithinStack()
#31 C:/Users/kings/Downloads/sbrai-app-backend-FIXED/vendor/laravel/framework/src/Illuminate/Routing/Router.php(750): Illuminate/Routing/Router->runRoute()
#32 C:/Users/kings/Downloads/sbrai-app-backend-FIXED/vendor/laravel/framework/src/Illuminate/Routing/Router.php(739): Illuminate/Routing/Router->dispatchToRoute()
#33 C:/Users/kings/Downloads/sbrai-app-backend-FIXED/vendor/laravel/framework/src/Illuminate/Foundation/Http/Kernel.php(201): Illuminate/Routing/Router->dispatch()
#34 C:/Users/kings/Downloads/sbrai-app-backend-FIXED/vendor/laravel/framework/src/Illuminate/Pipeline/Pipeline.php(170): Illuminate/Foundation/Http/Kernel->{closure:Illuminate/Foundation/Http/Kernel::dispatchToRouter():198}()
#35 C:/Users/kings/Downloads/sbrai-app-backend-FIXED/vendor/laravel/framework/src/Illuminate/Foundation/Http/Middleware/TransformsRequest.php(21): Illuminate/Pipeline/Pipeline->{closure:Illuminate/Pipeline/Pipeline::prepareDestination():168}()
#36 C:/Users/kings/Downloads/sbrai-app-backend-FIXED/vendor/laravel/framework/src/Illuminate/Foundation/Http/Middleware/ConvertEmptyStringsToNull.php(31): Illuminate/Foundation/Http/Middleware/TransformsRequest->handle()
#37 C:/Users/kings/Downloads/sbrai-app-backend-FIXED/vendor/laravel/framework/src/Illuminate/Pipeline/Pipeline.php(209): Illuminate/Foundation/Http/Middleware/ConvertEmptyStringsToNull->handle()
#38 C:/Users/kings/Downloads/sbrai-app-backend-FIXED/vendor/laravel/framework/src/Illuminate/Foundation/Http/Middleware/TransformsRequest.php(21): Illuminate/Pipeline/Pipeline->{closure:{closure:Illuminate/Pipeline/Pipeline::carry():184}:185}()
#39 C:/Users/kings/Downloads/sbrai-app-backend-FIXED/vendor/laravel/framework/src/Illuminate/Foundation/Http/Middleware/TrimStrings.php(51): Illuminate/Foundation/Http/Middleware/TransformsRequest->handle()
#40 C:/Users/kings/Downloads/sbrai-app-backend-FIXED/vendor/laravel/framework/src/Illuminate/Pipeline/Pipeline.php(209): Illuminate/Foundation/Http/Middleware/TrimStrings->handle()
#41 C:/Users/kings/Downloads/sbrai-app-backend-FIXED/vendor/laravel/framework/src/Illuminate/Http/Middleware/ValidatePostSize.php(27): Illuminate/Pipeline/Pipeline->{closure:{closure:Illuminate/Pipeline/Pipeline::carry():184}:185}()
#42 C:/Users/kings/Downloads/sbrai-app-backend-FIXED/vendor/laravel/framework/src/Illuminate/Pipeline/Pipeline.php(209): Illuminate/Http/Middleware/ValidatePostSize->handle()
#43 C:/Users/kings/Downloads/sbrai-app-backend-FIXED/vendor/laravel/framework/src/Illuminate/Foundation/Http/Middleware/PreventRequestsDuringMaintenance.php(110): Illuminate/Pipeline/Pipeline->{closure:{closure:Illuminate/Pipeline/Pipeline::carry():184}:185}()
#44 C:/Users/kings/Downloads/sbrai-app-backend-FIXED/vendor/laravel/framework/src/Illuminate/Pipeline/Pipeline.php(209): Illuminate/Foundation/Http/Middleware/PreventRequestsDuringMaintenance->handle()
#45 C:/Users/kings/Downloads/sbrai-app-backend-FIXED/vendor/laravel/framework/src/Illuminate/Http/Middleware/HandleCors.php(49): Illuminate/Pipeline/Pipeline->{closure:{closure:Illuminate/Pipeline/Pipeline::carry():184}:185}()
#46 C:/Users/kings/Downloads/sbrai-app-backend-FIXED/vendor/laravel/framework/src/Illuminate/Pipeline/Pipeline.php(209): Illuminate/Http/Middleware/HandleCors->handle()
#47 C:/Users/kings/Downloads/sbrai-app-backend-FIXED/vendor/laravel/framework/src/Illuminate/Http/Middleware/TrustProxies.php(58): Illuminate/Pipeline/Pipeline->{closure:{closure:Illuminate/Pipeline/Pipeline::carry():184}:185}()
#48 C:/Users/kings/Downloads/sbrai-app-backend-FIXED/vendor/laravel/framework/src/Illuminate/Pipeline/Pipeline.php(209): Illuminate/Http/Middleware/TrustProxies->handle()
#49 C:/Users/kings/Downloads/sbrai-app-backend-FIXED/vendor/laravel/framework/src/Illuminate/Foundation/Http/Middleware/InvokeDeferredCallbacks.php(22): Illuminate/Pipeline/Pipeline->{closure:{closure:Illuminate/Pipeline/Pipeline::carry():184}:185}()
#50 C:/Users/kings/Downloads/sbrai-app-backend-FIXED/vendor/laravel/framework/src/Illuminate/Pipeline/Pipeline.php(209): Illuminate/Foundation/Http/Middleware/InvokeDeferredCallbacks->handle()
#51 C:/Users/kings/Downloads/sbrai-app-backend-FIXED/vendor/laravel/framework/src/Illuminate/Pipeline/Pipeline.php(127): Illuminate/Pipeline/Pipeline->{closure:{closure:Illuminate/Pipeline/Pipeline::carry():184}:185}()
#52 C:/Users/kings/Downloads/sbrai-app-backend-FIXED/vendor/laravel/framework/src/Illuminate/Foundation/Http/Kernel.php(176): Illuminate/Pipeline/Pipeline->then()
#53 C:/Users/kings/Downloads/sbrai-app-backend-FIXED/vendor/laravel/framework/src/Illuminate/Foundation/Http/Kernel.php(145): Illuminate/Foundation/Http/Kernel->sendRequestThroughRouter()
#54 C:/Users/kings/Downloads/sbrai-app-backend-FIXED/vendor/laravel/framework/src/Illuminate/Foundation/Application.php(1220): Illuminate/Foundation/Http/Kernel->handle()
#55 C:/Users/kings/Downloads/sbrai-app-backend-FIXED/public/index.php(17): Illuminate/Foundation/Application->handleRequest()
#56 C:/Users/kings/Downloads/sbrai-app-backend-FIXED/vendor/laravel/framework/src/Illuminate/Foundation/resources/server.php(23): require_once('...')
#57 {main}
"} 
[2026-08-23 04:42:17] local.ERROR: Unable to locate a class or view for component [category-sidebar]. (View: C:\Users\kings\Downloads\sbrai-app-backend-FIXED\resources\views\components\site-layout.blade.php) {"exception":"[object] (Illuminate\\View\\ViewException(code: 0): Unable to locate a class or view for component [category-sidebar]. (View: C:\\Users\\kings\\Downloads\\sbrai-app-backend-FIXED\\resources\\views\\components\\site-layout.blade.php) at C:/Users/kings/Downloads/sbrai-app-backend-FIXED/vendor/laravel/framework/src/Illuminate/View/Compilers/ComponentTagCompiler.php:316)
[stacktrace]
#0 C:/Users/kings/Downloads/sbrai-app-backend-FIXED/vendor/laravel/framework/src/Illuminate/View/Engines/PhpEngine.php(60): Illuminate/View/Engines/CompilerEngine->handleViewException()
#1 C:/Users/kings/Downloads/sbrai-app-backend-FIXED/vendor/laravel/framework/src/Illuminate/View/Engines/CompilerEngine.php(75): Illuminate/View/Engines/PhpEngine->evaluatePath()
#2 C:/Users/kings/Downloads/sbrai-app-backend-FIXED/vendor/laravel/framework/src/Illuminate/View/View.php(209): Illuminate/View/Engines/CompilerEngine->get()
#3 C:/Users/kings/Downloads/sbrai-app-backend-FIXED/vendor/laravel/framework/src/Illuminate/View/View.php(192): Illuminate/View/View->getContents()
#4 C:/Users/kings/Downloads/sbrai-app-backend-FIXED/vendor/laravel/framework/src/Illuminate/View/View.php(161): Illuminate/View/View->renderContents()
#5 C:/Users/kings/Downloads/sbrai-app-backend-FIXED/vendor/laravel/framework/src/Illuminate/Http/Response.php(79): Illuminate/View/View->render()
#6 C:/Users/kings/Downloads/sbrai-app-backend-FIXED/vendor/laravel/framework/src/Illuminate/Http/Response.php(35): Illuminate/Http/Response->setContent()
#7 C:/Users/kings/Downloads/sbrai-app-backend-FIXED/vendor/laravel/framework/src/Illuminate/Routing/Router.php(920): Illuminate/Http/Response->__construct()
#8 C:/Users/kings/Downloads/sbrai-app-backend-FIXED/vendor/laravel/framework/src/Illuminate/Routing/Router.php(887): Illuminate/Routing/Router::toResponse()
#9 C:/Users/kings/Downloads/sbrai-app-backend-FIXED/vendor/laravel/framework/src/Illuminate/Routing/Router.php(807): Illuminate/Routing/Router->prepareResponse()
#10 C:/Users/kings/Downloads/sbrai-app-backend-FIXED/vendor/laravel/framework/src/Illuminate/Pipeline/Pipeline.php(170): Illuminate/Routing/Router->{closure:Illuminate/Routing/Router::runRouteWithinStack():807}()
#11 C:/Users/kings/Downloads/sbrai-app-backend-FIXED/vendor/laravel/framework/src/Illuminate/Routing/Middleware/SubstituteBindings.php(51): Illuminate/Pipeline/Pipeline->{closure:Illuminate/Pipeline/Pipeline::prepareDestination():168}()
#12 C:/Users/kings/Downloads/sbrai-app-backend-FIXED/vendor/laravel/framework/src/Illuminate/Pipeline/Pipeline.php(209): Illuminate/Routing/Middleware/SubstituteBindings->handle()
#13 C:/Users/kings/Downloads/sbrai-app-backend-FIXED/vendor/laravel/framework/src/Illuminate/Foundation/Http/Middleware/VerifyCsrfToken.php(88): Illuminate/Pipeline/Pipeline->{closure:{closure:Illuminate/Pipeline/Pipeline::carry():184}:185}()
#14 C:/Users/kings/Downloads/sbrai-app-backend-FIXED/vendor/laravel/framework/src/Illuminate/Pipeline/Pipeline.php(209): Illuminate/Foundation/Http/Middleware/VerifyCsrfToken->handle()
#15 C:/Users/kings/Downloads/sbrai-app-backend-FIXED/vendor/laravel/framework/src/Illuminate/View/Middleware/ShareErrorsFromSession.php(49): Illuminate/Pipeline/Pipeline->{closure:{closure:Illuminate/Pipeline/Pipeline::carry():184}:185}()
#16 C:/Users/kings/Downloads/sbrai-app-backend-FIXED/vendor/laravel/framework/src/Illuminate/Pipeline/Pipeline.php(209): Illuminate/View/Middleware/ShareErrorsFromSession->handle()
#17 C:/Users/kings/Downloads/sbrai-app-backend-FIXED/vendor/laravel/framework/src/Illuminate/Session/Middleware/StartSession.php(121): Illuminate/Pipeline/Pipeline->{closure:{closure:Illuminate/Pipeline/Pipeline::carry():184}:185}()
#18 C:/Users/kings/Downloads/sbrai-app-backend-FIXED/vendor/laravel/framework/src/Illuminate/Session/Middleware/StartSession.php(64): Illuminate/Session/Middleware/StartSession->handleStatefulRequest()
#19 C:/Users/kings/Downloads/sbrai-app-backend-FIXED/vendor/laravel/framework/src/Illuminate/Pipeline/Pipeline.php(209): Illuminate/Session/Middleware/StartSession->handle()
#20 C:/Users/kings/Downloads/sbrai-app-backend-FIXED/vendor/laravel/framework/src/Illuminate/Cookie/Middleware/AddQueuedCookiesToResponse.php(37): Illuminate/Pipeline/Pipeline->{closure:{closure:Illuminate/Pipeline/Pipeline::carry():184}:185}()
#21 C:/Users/kings/Downloads/sbrai-app-backend-FIXED/vendor/laravel/framework/src/Illuminate/Pipeline/Pipeline.php(209): Illuminate/Cookie/Middleware/AddQueuedCookiesToResponse->handle()
#22 C:/Users/kings/Downloads/sbrai-app-backend-FIXED/vendor/laravel/framework/src/Illuminate/Cookie/Middleware/EncryptCookies.php(75): Illuminate/Pipeline/Pipeline->{closure:{closure:Illuminate/Pipeline/Pipeline::carry():184}:185}()
#23 C:/Users/kings/Downloads/sbrai-app-backend-FIXED/vendor/laravel/framework/src/Illuminate/Pipeline/Pipeline.php(209): Illuminate/Cookie/Middleware/EncryptCookies->handle()
#24 C:/Users/kings/Downloads/sbrai-app-backend-FIXED/vendor/laravel/framework/src/Illuminate/Pipeline/Pipeline.php(127): Illuminate/Pipeline/Pipeline->{closure:{closure:Illuminate/Pipeline/Pipeline::carry():184}:185}()
#25 C:/Users/kings/Downloads/sbrai-app-backend-FIXED/vendor/laravel/framework/src/Illuminate/Routing/Router.php(807): Illuminate/Pipeline/Pipeline->then()
#26 C:/Users/kings/Downloads/sbrai-app-backend-FIXED/vendor/laravel/framework/src/Illuminate/Routing/Router.php(786): Illuminate/Routing/Router->runRouteWithinStack()
#27 C:/Users/kings/Downloads/sbrai-app-backend-FIXED/vendor/laravel/framework/src/Illuminate/Routing/Router.php(750): Illuminate/Routing/Router->runRoute()
#28 C:/Users/kings/Downloads/sbrai-app-backend-FIXED/vendor/laravel/framework/src/Illuminate/Routing/Router.php(739): Illuminate/Routing/Router->dispatchToRoute()
#29 C:/Users/kings/Downloads/sbrai-app-backend-FIXED/vendor/laravel/framework/src/Illuminate/Foundation/Http/Kernel.php(201): Illuminate/Routing/Router->dispatch()
#30 C:/Users/kings/Downloads/sbrai-app-backend-FIXED/vendor/laravel/framework/src/Illuminate/Pipeline/Pipeline.php(170): Illuminate/Foundation/Http/Kernel->{closure:Illuminate/Foundation/Http/Kernel::dispatchToRouter():198}()
#31 C:/Users/kings/Downloads/sbrai-app-backend-FIXED/vendor/laravel/framework/src/Illuminate/Foundation/Http/Middleware/TransformsRequest.php(21): Illuminate/Pipeline/Pipeline->{closure:Illuminate/Pipeline/Pipeline::prepareDestination():168}()
#32 C:/Users/kings/Downloads/sbrai-app-backend-FIXED/vendor/laravel/framework/src/Illuminate/Foundation/Http/Middleware/ConvertEmptyStringsToNull.php(31): Illuminate/Foundation/Http/Middleware/TransformsRequest->handle()
#33 C:/Users/kings/Downloads/sbrai-app-backend-FIXED/vendor/laravel/framework/src/Illuminate/Pipeline/Pipeline.php(209): Illuminate/Foundation/Http/Middleware/ConvertEmptyStringsToNull->handle()
#34 C:/Users/kings/Downloads/sbrai-app-backend-FIXED/vendor/laravel/framework/src/Illuminate/Foundation/Http/Middleware/TransformsRequest.php(21): Illuminate/Pipeline/Pipeline->{closure:{closure:Illuminate/Pipeline/Pipeline::carry():184}:185}()
#35 C:/Users/kings/Downloads/sbrai-app-backend-FIXED/vendor/laravel/framework/src/Illuminate/Foundation/Http/Middleware/TrimStrings.php(51): Illuminate/Foundation/Http/Middleware/TransformsRequest->handle()
#36 C:/Users/kings/Downloads/sbrai-app-backend-FIXED/vendor/laravel/framework/src/Illuminate/Pipeline/Pipeline.php(209): Illuminate/Foundation/Http/Middleware/TrimStrings->handle()
#37 C:/Users/kings/Downloads/sbrai-app-backend-FIXED/vendor/laravel/framework/src/Illuminate/Http/Middleware/ValidatePostSize.php(27): Illuminate/Pipeline/Pipeline->{closure:{closure:Illuminate/Pipeline/Pipeline::carry():184}:185}()
#38 C:/Users/kings/Downloads/sbrai-app-backend-FIXED/vendor/laravel/framework/src/Illuminate/Pipeline/Pipeline.php(209): Illuminate/Http/Middleware/ValidatePostSize->handle()
#39 C:/Users/kings/Downloads/sbrai-app-backend-FIXED/vendor/laravel/framework/src/Illuminate/Foundation/Http/Middleware/PreventRequestsDuringMaintenance.php(110): Illuminate/Pipeline/Pipeline->{closure:{closure:Illuminate/Pipeline/Pipeline::carry():184}:185}()
#40 C:/Users/kings/Downloads/sbrai-app-backend-FIXED/vendor/laravel/framework/src/Illuminate/Pipeline/Pipeline.php(209): Illuminate/Foundation/Http/Middleware/PreventRequestsDuringMaintenance->handle()
#41 C:/Users/kings/Downloads/sbrai-app-backend-FIXED/vendor/laravel/framework/src/Illuminate/Http/Middleware/HandleCors.php(49): Illuminate/Pipeline/Pipeline->{closure:{closure:Illuminate/Pipeline/Pipeline::carry():184}:185}()
#42 C:/Users/kings/Downloads/sbrai-app-backend-FIXED/vendor/laravel/framework/src/Illuminate/Pipeline/Pipeline.php(209): Illuminate/Http/Middleware/HandleCors->handle()
#43 C:/Users/kings/Downloads/sbrai-app-backend-FIXED/vendor/laravel/framework/src/Illuminate/Http/Middleware/TrustProxies.php(58): Illuminate/Pipeline/Pipeline->{closure:{closure:Illuminate/Pipeline/Pipeline::carry():184}:185}()
#44 C:/Users/kings/Downloads/sbrai-app-backend-FIXED/vendor/laravel/framework/src/Illuminate/Pipeline/Pipeline.php(209): Illuminate/Http/Middleware/TrustProxies->handle()
#45 C:/Users/kings/Downloads/sbrai-app-backend-FIXED/vendor/laravel/framework/src/Illuminate/Foundation/Http/Middleware/InvokeDeferredCallbacks.php(22): Illuminate/Pipeline/Pipeline->{closure:{closure:Illuminate/Pipeline/Pipeline::carry():184}:185}()
#46 C:/Users/kings/Downloads/sbrai-app-backend-FIXED/vendor/laravel/framework/src/Illuminate/Pipeline/Pipeline.php(209): Illuminate/Foundation/Http/Middleware/InvokeDeferredCallbacks->handle()
#47 C:/Users/kings/Downloads/sbrai-app-backend-FIXED/vendor/laravel/framework/src/Illuminate/Pipeline/Pipeline.php(127): Illuminate/Pipeline/Pipeline->{closure:{closure:Illuminate/Pipeline/Pipeline::carry():184}:185}()
#48 C:/Users/kings/Downloads/sbrai-app-backend-FIXED/vendor/laravel/framework/src/Illuminate/Foundation/Http/Kernel.php(176): Illuminate/Pipeline/Pipeline->then()
#49 C:/Users/kings/Downloads/sbrai-app-backend-FIXED/vendor/laravel/framework/src/Illuminate/Foundation/Http/Kernel.php(145): Illuminate/Foundation/Http/Kernel->sendRequestThroughRouter()
#50 C:/Users/kings/Downloads/sbrai-app-backend-FIXED/vendor/laravel/framework/src/Illuminate/Foundation/Application.php(1220): Illuminate/Foundation/Http/Kernel->handle()
#51 C:/Users/kings/Downloads/sbrai-app-backend-FIXED/public/index.php(17): Illuminate/Foundation/Application->handleRequest()
#52 C:/Users/kings/Downloads/sbrai-app-backend-FIXED/vendor/laravel/framework/src/Illuminate/Foundation/resources/server.php(23): require_once('...')
#53 {main}

[previous exception] [object] (InvalidArgumentException(code: 0): Unable to locate a class or view for component [category-sidebar]. at C:/Users/kings/Downloads/sbrai-app-backend-FIXED/vendor/laravel/framework/src/Illuminate/View/Compilers/ComponentTagCompiler.php:316)
[stacktrace]
#0 C:/Users/kings/Downloads/sbrai-app-backend-FIXED/vendor/laravel/framework/src/Illuminate/View/Compilers/ComponentTagCompiler.php(236): Illuminate/View/Compilers/ComponentTagCompiler->componentClass()
#1 C:/Users/kings/Downloads/sbrai-app-backend-FIXED/vendor/laravel/framework/src/Illuminate/View/Compilers/ComponentTagCompiler.php(221): Illuminate/View/Compilers/ComponentTagCompiler->componentString()
#2 [internal function]: Illuminate/View/Compilers/ComponentTagCompiler->{closure:Illuminate/View/Compilers/ComponentTagCompiler::compileSelfClosingTags():216}()
#3 C:/Users/kings/Downloads/sbrai-app-backend-FIXED/vendor/laravel/framework/src/Illuminate/View/Compilers/ComponentTagCompiler.php(216): preg_replace_callback()
#4 C:/Users/kings/Downloads/sbrai-app-backend-FIXED/vendor/laravel/framework/src/Illuminate/View/Compilers/ComponentTagCompiler.php(90): Illuminate/View/Compilers/ComponentTagCompiler->compileSelfClosingTags()
#5 C:/Users/kings/Downloads/sbrai-app-backend-FIXED/vendor/laravel/framework/src/Illuminate/View/Compilers/ComponentTagCompiler.php(77): Illuminate/View/Compilers/ComponentTagCompiler->compileTags()
#6 C:/Users/kings/Downloads/sbrai-app-backend-FIXED/vendor/laravel/framework/src/Illuminate/View/Compilers/BladeCompiler.php(440): Illuminate/View/Compilers/ComponentTagCompiler->compile()
#7 C:/Users/kings/Downloads/sbrai-app-backend-FIXED/vendor/laravel/framework/src/Illuminate/View/Compilers/BladeCompiler.php(272): Illuminate/View/Compilers/BladeCompiler->compileComponentTags()
#8 C:/Users/kings/Downloads/sbrai-app-backend-FIXED/vendor/laravel/framework/src/Illuminate/View/Compilers/BladeCompiler.php(186): Illuminate/View/Compilers/BladeCompiler->compileString()
#9 C:/Users/kings/Downloads/sbrai-app-backend-FIXED/vendor/laravel/framework/src/Illuminate/View/Engines/CompilerEngine.php(67): Illuminate/View/Compilers/BladeCompiler->compile()
#10 C:/Users/kings/Downloads/sbrai-app-backend-FIXED/vendor/laravel/framework/src/Illuminate/View/View.php(209): Illuminate/View/Engines/CompilerEngine->get()
#11 C:/Users/kings/Downloads/sbrai-app-backend-FIXED/vendor/laravel/framework/src/Illuminate/View/View.php(192): Illuminate/View/View->getContents()
#12 C:/Users/kings/Downloads/sbrai-app-backend-FIXED/vendor/laravel/framework/src/Illuminate/View/View.php(161): Illuminate/View/View->renderContents()
#13 C:/Users/kings/Downloads/sbrai-app-backend-FIXED/vendor/laravel/framework/src/Illuminate/View/Concerns/ManagesComponents.php(103): Illuminate/View/View->render()
#14 C:/Users/kings/Downloads/sbrai-app-backend-FIXED/storage/framework/views/70e2c62bf722c915c8b334a9ebbe0988.php(87): Illuminate/View/Factory->renderComponent()
#15 C:/Users/kings/Downloads/sbrai-app-backend-FIXED/vendor/laravel/framework/src/Illuminate/Filesystem/Filesystem.php(123): require('...')
#16 C:/Users/kings/Downloads/sbrai-app-backend-FIXED/vendor/laravel/framework/src/Illuminate/Filesystem/Filesystem.php(124): Illuminate/Filesystem/Filesystem::{closure:Illuminate/Filesystem/Filesystem::getRequire():120}()
#17 C:/Users/kings/Downloads/sbrai-app-backend-FIXED/vendor/laravel/framework/src/Illuminate/View/Engines/PhpEngine.php(58): Illuminate/Filesystem/Filesystem->getRequire()
#18 C:/Users/kings/Downloads/sbrai-app-backend-FIXED/vendor/laravel/framework/src/Illuminate/View/Engines/CompilerEngine.php(75): Illuminate/View/Engines/PhpEngine->evaluatePath()
#19 C:/Users/kings/Downloads/sbrai-app-backend-FIXED/vendor/laravel/framework/src/Illuminate/View/View.php(209): Illuminate/View/Engines/CompilerEngine->get()
#20 C:/Users/kings/Downloads/sbrai-app-backend-FIXED/vendor/laravel/framework/src/Illuminate/View/View.php(192): Illuminate/View/View->getContents()
#21 C:/Users/kings/Downloads/sbrai-app-backend-FIXED/vendor/laravel/framework/src/Illuminate/View/View.php(161): Illuminate/View/View->renderContents()
#22 C:/Users/kings/Downloads/sbrai-app-backend-FIXED/vendor/laravel/framework/src/Illuminate/Http/Response.php(79): Illuminate/View/View->render()
#23 C:/Users/kings/Downloads/sbrai-app-backend-FIXED/vendor/laravel/framework/src/Illuminate/Http/Response.php(35): Illuminate/Http/Response->setContent()
#24 C:/Users/kings/Downloads/sbrai-app-backend-FIXED/vendor/laravel/framework/src/Illuminate/Routing/Router.php(920): Illuminate/Http/Response->__construct()
#25 C:/Users/kings/Downloads/sbrai-app-backend-FIXED/vendor/laravel/framework/src/Illuminate/Routing/Router.php(887): Illuminate/Routing/Router::toResponse()
#26 C:/Users/kings/Downloads/sbrai-app-backend-FIXED/vendor/laravel/framework/src/Illuminate/Routing/Router.php(807): Illuminate/Routing/Router->prepareResponse()
#27 C:/Users/kings/Downloads/sbrai-app-backend-FIXED/vendor/laravel/framework/src/Illuminate/Pipeline/Pipeline.php(170): Illuminate/Routing/Router->{closure:Illuminate/Routing/Router::runRouteWithinStack():807}()
#28 C:/Users/kings/Downloads/sbrai-app-backend-FIXED/vendor/laravel/framework/src/Illuminate/Routing/Middleware/SubstituteBindings.php(51): Illuminate/Pipeline/Pipeline->{closure:Illuminate/Pipeline/Pipeline::prepareDestination():168}()
#29 C:/Users/kings/Downloads/sbrai-app-backend-FIXED/vendor/laravel/framework/src/Illuminate/Pipeline/Pipeline.php(209): Illuminate/Routing/Middleware/SubstituteBindings->handle()
#30 C:/Users/kings/Downloads/sbrai-app-backend-FIXED/vendor/laravel/framework/src/Illuminate/Foundation/Http/Middleware/VerifyCsrfToken.php(88): Illuminate/Pipeline/Pipeline->{closure:{closure:Illuminate/Pipeline/Pipeline::carry():184}:185}()
#31 C:/Users/kings/Downloads/sbrai-app-backend-FIXED/vendor/laravel/framework/src/Illuminate/Pipeline/Pipeline.php(209): Illuminate/Foundation/Http/Middleware/VerifyCsrfToken->handle()
#32 C:/Users/kings/Downloads/sbrai-app-backend-FIXED/vendor/laravel/framework/src/Illuminate/View/Middleware/ShareErrorsFromSession.php(49): Illuminate/Pipeline/Pipeline->{closure:{closure:Illuminate/Pipeline/Pipeline::carry():184}:185}()
#33 C:/Users/kings/Downloads/sbrai-app-backend-FIXED/vendor/laravel/framework/src/Illuminate/Pipeline/Pipeline.php(209): Illuminate/View/Middleware/ShareErrorsFromSession->handle()
#34 C:/Users/kings/Downloads/sbrai-app-backend-FIXED/vendor/laravel/framework/src/Illuminate/Session/Middleware/StartSession.php(121): Illuminate/Pipeline/Pipeline->{closure:{closure:Illuminate/Pipeline/Pipeline::carry():184}:185}()
#35 C:/Users/kings/Downloads/sbrai-app-backend-FIXED/vendor/laravel/framework/src/Illuminate/Session/Middleware/StartSession.php(64): Illuminate/Session/Middleware/StartSession->handleStatefulRequest()
#36 C:/Users/kings/Downloads/sbrai-app-backend-FIXED/vendor/laravel/framework/src/Illuminate/Pipeline/Pipeline.php(209): Illuminate/Session/Middleware/StartSession->handle()
#37 C:/Users/kings/Downloads/sbrai-app-backend-FIXED/vendor/laravel/framework/src/Illuminate/Cookie/Middleware/AddQueuedCookiesToResponse.php(37): Illuminate/Pipeline/Pipeline->{closure:{closure:Illuminate/Pipeline/Pipeline::carry():184}:185}()
#38 C:/Users/kings/Downloads/sbrai-app-backend-FIXED/vendor/laravel/framework/src/Illuminate/Pipeline/Pipeline.php(209): Illuminate/Cookie/Middleware/AddQueuedCookiesToResponse->handle()
#39 C:/Users/kings/Downloads/sbrai-app-backend-FIXED/vendor/laravel/framework/src/Illuminate/Cookie/Middleware/EncryptCookies.php(75): Illuminate/Pipeline/Pipeline->{closure:{closure:Illuminate/Pipeline/Pipeline::carry():184}:185}()
#40 C:/Users/kings/Downloads/sbrai-app-backend-FIXED/vendor/laravel/framework/src/Illuminate/Pipeline/Pipeline.php(209): Illuminate/Cookie/Middleware/EncryptCookies->handle()
#41 C:/Users/kings/Downloads/sbrai-app-backend-FIXED/vendor/laravel/framework/src/Illuminate/Pipeline/Pipeline.php(127): Illuminate/Pipeline/Pipeline->{closure:{closure:Illuminate/Pipeline/Pipeline::carry():184}:185}()
#42 C:/Users/kings/Downloads/sbrai-app-backend-FIXED/vendor/laravel/framework/src/Illuminate/Routing/Router.php(807): Illuminate/Pipeline/Pipeline->then()
#43 C:/Users/kings/Downloads/sbrai-app-backend-FIXED/vendor/laravel/framework/src/Illuminate/Routing/Router.php(786): Illuminate/Routing/Router->runRouteWithinStack()
#44 C:/Users/kings/Downloads/sbrai-app-backend-FIXED/vendor/laravel/framework/src/Illuminate/Routing/Router.php(750): Illuminate/Routing/Router->runRoute()
#45 C:/Users/kings/Downloads/sbrai-app-backend-FIXED/vendor/laravel/framework/src/Illuminate/Routing/Router.php(739): Illuminate/Routing/Router->dispatchToRoute()
#46 C:/Users/kings/Downloads/sbrai-app-backend-FIXED/vendor/laravel/framework/src/Illuminate/Foundation/Http/Kernel.php(201): Illuminate/Routing/Router->dispatch()
#47 C:/Users/kings/Downloads/sbrai-app-backend-FIXED/vendor/laravel/framework/src/Illuminate/Pipeline/Pipeline.php(170): Illuminate/Foundation/Http/Kernel->{closure:Illuminate/Foundation/Http/Kernel::dispatchToRouter():198}()
#48 C:/Users/kings/Downloads/sbrai-app-backend-FIXED/vendor/laravel/framework/src/Illuminate/Foundation/Http/Middleware/TransformsRequest.php(21): Illuminate/Pipeline/Pipeline->{closure:Illuminate/Pipeline/Pipeline::prepareDestination():168}()
#49 C:/Users/kings/Downloads/sbrai-app-backend-FIXED/vendor/laravel/framework/src/Illuminate/Foundation/Http/Middleware/ConvertEmptyStringsToNull.php(31): Illuminate/Foundation/Http/Middleware/TransformsRequest->handle()
#50 C:/Users/kings/Downloads/sbrai-app-backend-FIXED/vendor/laravel/framework/src/Illuminate/Pipeline/Pipeline.php(209): Illuminate/Foundation/Http/Middleware/ConvertEmptyStringsToNull->handle()
#51 C:/Users/kings/Downloads/sbrai-app-backend-FIXED/vendor/laravel/framework/src/Illuminate/Foundation/Http/Middleware/TransformsRequest.php(21): Illuminate/Pipeline/Pipeline->{closure:{closure:Illuminate/Pipeline/Pipeline::carry():184}:185}()
#52 C:/Users/kings/Downloads/sbrai-app-backend-FIXED/vendor/laravel/framework/src/Illuminate/Foundation/Http/Middleware/TrimStrings.php(51): Illuminate/Foundation/Http/Middleware/TransformsRequest->handle()
#53 C:/Users/kings/Downloads/sbrai-app-backend-FIXED/vendor/laravel/framework/src/Illuminate/Pipeline/Pipeline.php(209): Illuminate/Foundation/Http/Middleware/TrimStrings->handle()
#54 C:/Users/kings/Downloads/sbrai-app-backend-FIXED/vendor/laravel/framework/src/Illuminate/Http/Middleware/ValidatePostSize.php(27): Illuminate/Pipeline/Pipeline->{closure:{closure:Illuminate/Pipeline/Pipeline::carry():184}:185}()
#55 C:/Users/kings/Downloads/sbrai-app-backend-FIXED/vendor/laravel/framework/src/Illuminate/Pipeline/Pipeline.php(209): Illuminate/Http/Middleware/ValidatePostSize->handle()
#56 C:/Users/kings/Downloads/sbrai-app-backend-FIXED/vendor/laravel/framework/src/Illuminate/Foundation/Http/Middleware/PreventRequestsDuringMaintenance.php(110): Illuminate/Pipeline/Pipeline->{closure:{closure:Illuminate/Pipeline/Pipeline::carry():184}:185}()
#57 C:/Users/kings/Downloads/sbrai-app-backend-FIXED/vendor/laravel/framework/src/Illuminate/Pipeline/Pipeline.php(209): Illuminate/Foundation/Http/Middleware/PreventRequestsDuringMaintenance->handle()
#58 C:/Users/kings/Downloads/sbrai-app-backend-FIXED/vendor/laravel/framework/src/Illuminate/Http/Middleware/HandleCors.php(49): Illuminate/Pipeline/Pipeline->{closure:{closure:Illuminate/Pipeline/Pipeline::carry():184}:185}()
#59 C:/Users/kings/Downloads/sbrai-app-backend-FIXED/vendor/laravel/framework/src/Illuminate/Pipeline/Pipeline.php(209): Illuminate/Http/Middleware/HandleCors->handle()
#60 C:/Users/kings/Downloads/sbrai-app-backend-FIXED/vendor/laravel/framework/src/Illuminate/Http/Middleware/TrustProxies.php(58): Illuminate/Pipeline/Pipeline->{closure:{closure:Illuminate/Pipeline/Pipeline::carry():184}:185}()
#61 C:/Users/kings/Downloads/sbrai-app-backend-FIXED/vendor/laravel/framework/src/Illuminate/Pipeline/Pipeline.php(209): Illuminate/Http/Middleware/TrustProxies->handle()
#62 C:/Users/kings/Downloads/sbrai-app-backend-FIXED/vendor/laravel/framework/src/Illuminate/Foundation/Http/Middleware/InvokeDeferredCallbacks.php(22): Illuminate/Pipeline/Pipeline->{closure:{closure:Illuminate/Pipeline/Pipeline::carry():184}:185}()
#63 C:/Users/kings/Downloads/sbrai-app-backend-FIXED/vendor/laravel/framework/src/Illuminate/Pipeline/Pipeline.php(209): Illuminate/Foundation/Http/Middleware/InvokeDeferredCallbacks->handle()
#64 C:/Users/kings/Downloads/sbrai-app-backend-FIXED/vendor/laravel/framework/src/Illuminate/Pipeline/Pipeline.php(127): Illuminate/Pipeline/Pipeline->{closure:{closure:Illuminate/Pipeline/Pipeline::carry():184}:185}()
#65 C:/Users/kings/Downloads/sbrai-app-backend-FIXED/vendor/laravel/framework/src/Illuminate/Foundation/Http/Kernel.php(176): Illuminate/Pipeline/Pipeline->then()
#66 C:/Users/kings/Downloads/sbrai-app-backend-FIXED/vendor/laravel/framework/src/Illuminate/Foundation/Http/Kernel.php(145): Illuminate/Foundation/Http/Kernel->sendRequestThroughRouter()
#67 C:/Users/kings/Downloads/sbrai-app-backend-FIXED/vendor/laravel/framework/src/Illuminate/Foundation/Application.php(1220): Illuminate/Foundation/Http/Kernel->handle()
#68 C:/Users/kings/Downloads/sbrai-app-backend-FIXED/public/index.php(17): Illuminate/Foundation/Application->handleRequest()
#69 C:/Users/kings/Downloads/sbrai-app-backend-FIXED/vendor/laravel/framework/src/Illuminate/Foundation/resources/server.php(23): require_once('...')
#70 {main}
"} 
[2026-08-25 09:10:33] local.ERROR: SQLSTATE[HY000]: General error: 1 no such table: cache (Connection: sqlite, SQL: insert into "cache" ("expiration", "key", "value") values (1787649633, otp:email_verify:orifepaul30@gmail.com, s:6:"491409";) on conflict ("key") do update set "expiration" = "excluded"."expiration", "key" = "excluded"."key", "value" = "excluded"."value") {"userId":"a24e7571-58ba-4d47-8ff3-0b6f96a3652e","exception":"[object] (Illuminate\\Database\\QueryException(code: HY000): SQLSTATE[HY000]: General error: 1 no such table: cache (Connection: sqlite, SQL: insert into \"cache\" (\"expiration\", \"key\", \"value\") values (1787649633, otp:email_verify:orifepaul30@gmail.com, s:6:\"491409\";) on conflict (\"key\") do update set \"expiration\" = \"excluded\".\"expiration\", \"key\" = \"excluded\".\"key\", \"value\" = \"excluded\".\"value\") at C:/Users/kings/Downloads/sbrai-app-backend-FIXED/vendor/laravel/framework/src/Illuminate/Database/Connection.php:825)
[stacktrace]
#0 C:/Users/kings/Downloads/sbrai-app-backend-FIXED/vendor/laravel/framework/src/Illuminate/Database/Connection.php(779): Illuminate/Database/Connection->runQueryCallback()
#1 C:/Users/kings/Downloads/sbrai-app-backend-FIXED/vendor/laravel/framework/src/Illuminate/Database/Connection.php(584): Illuminate/Database/Connection->run()
#2 C:/Users/kings/Downloads/sbrai-app-backend-FIXED/vendor/laravel/framework/src/Illuminate/Database/Query/Builder.php(3917): Illuminate/Database/Connection->affectingStatement()
#3 C:/Users/kings/Downloads/sbrai-app-backend-FIXED/vendor/laravel/framework/src/Illuminate/Cache/DatabaseStore.php(190): Illuminate/Database/Query/Builder->upsert()
#4 C:/Users/kings/Downloads/sbrai-app-backend-FIXED/vendor/laravel/framework/src/Illuminate/Cache/DatabaseStore.php(167): Illuminate/Cache/DatabaseStore->putMany()
#5 C:/Users/kings/Downloads/sbrai-app-backend-FIXED/vendor/laravel/framework/src/Illuminate/Cache/Repository.php(237): Illuminate/Cache/DatabaseStore->put()
#6 C:/Users/kings/Downloads/sbrai-app-backend-FIXED/vendor/laravel/framework/src/Illuminate/Cache/CacheManager.php(453): Illuminate/Cache/Repository->put()
#7 C:/Users/kings/Downloads/sbrai-app-backend-FIXED/vendor/laravel/framework/src/Illuminate/Support/Facades/Facade.php(361): Illuminate/Cache/CacheManager->__call()
#8 C:/Users/kings/Downloads/sbrai-app-backend-FIXED/app/Services/OtpService.php(15): Illuminate/Support/Facades/Facade::__callStatic()
#9 C:/Users/kings/Downloads/sbrai-app-backend-FIXED/app/Http/Controllers/Api/MonoKycController.php(167): App/Services/OtpService::generate()
#10 C:/Users/kings/Downloads/sbrai-app-backend-FIXED/vendor/laravel/framework/src/Illuminate/Routing/Controller.php(54): App/Http/Controllers/Api/MonoKycController->sendEmailOtp()
#11 C:/Users/kings/Downloads/sbrai-app-backend-FIXED/vendor/laravel/framework/src/Illuminate/Routing/ControllerDispatcher.php(44): Illuminate/Routing/Controller->callAction()
#12 C:/Users/kings/Downloads/sbrai-app-backend-FIXED/vendor/laravel/framework/src/Illuminate/Routing/Route.php(266): Illuminate/Routing/ControllerDispatcher->dispatch()
#13 C:/Users/kings/Downloads/sbrai-app-backend-FIXED/vendor/laravel/framework/src/Illuminate/Routing/Route.php(212): Illuminate/Routing/Route->runController()
#14 C:/Users/kings/Downloads/sbrai-app-backend-FIXED/vendor/laravel/framework/src/Illuminate/Routing/Router.php(808): Illuminate/Routing/Route->run()
#15 C:/Users/kings/Downloads/sbrai-app-backend-FIXED/vendor/laravel/framework/src/Illuminate/Pipeline/Pipeline.php(170): Illuminate/Routing/Router->{closure:Illuminate/Routing/Router::runRouteWithinStack():807}()
#16 C:/Users/kings/Downloads/sbrai-app-backend-FIXED/vendor/laravel/framework/src/Illuminate/Routing/Middleware/SubstituteBindings.php(51): Illuminate/Pipeline/Pipeline->{closure:Illuminate/Pipeline/Pipeline::prepareDestination():168}()
#17 C:/Users/kings/Downloads/sbrai-app-backend-FIXED/vendor/laravel/framework/src/Illuminate/Pipeline/Pipeline.php(209): Illuminate/Routing/Middleware/SubstituteBindings->handle()
#18 C:/Users/kings/Downloads/sbrai-app-backend-FIXED/vendor/laravel/framework/src/Illuminate/Auth/Middleware/Authenticate.php(64): Illuminate/Pipeline/Pipeline->{closure:{closure:Illuminate/Pipeline/Pipeline::carry():184}:185}()
#19 C:/Users/kings/Downloads/sbrai-app-backend-FIXED/vendor/laravel/framework/src/Illuminate/Pipeline/Pipeline.php(209): Illuminate/Auth/Middleware/Authenticate->handle()
#20 C:/Users/kings/Downloads/sbrai-app-backend-FIXED/vendor/laravel/framework/src/Illuminate/Pipeline/Pipeline.php(127): Illuminate/Pipeline/Pipeline->{closure:{closure:Illuminate/Pipeline/Pipeline::carry():184}:185}()
#21 C:/Users/kings/Downloads/sbrai-app-backend-FIXED/vendor/laravel/framework/src/Illuminate/Routing/Router.php(807): Illuminate/Pipeline/Pipeline->then()
#22 C:/Users/kings/Downloads/sbrai-app-backend-FIXED/vendor/laravel/framework/src/Illuminate/Routing/Router.php(786): Illuminate/Routing/Router->runRouteWithinStack()
#23 C:/Users/kings/Downloads/sbrai-app-backend-FIXED/vendor/laravel/framework/src/Illuminate/Routing/Router.php(750): Illuminate/Routing/Router->runRoute()
#24 C:/Users/kings/Downloads/sbrai-app-backend-FIXED/vendor/laravel/framework/src/Illuminate/Routing/Router.php(739): Illuminate/Routing/Router->dispatchToRoute()
#25 C:/Users/kings/Downloads/sbrai-app-backend-FIXED/vendor/laravel/framework/src/Illuminate/Foundation/Http/Kernel.php(201): Illuminate/Routing/Router->dispatch()
#26 C:/Users/kings/Downloads/sbrai-app-backend-FIXED/vendor/laravel/framework/src/Illuminate/Pipeline/Pipeline.php(170): Illuminate/Foundation/Http/Kernel->{closure:Illuminate/Foundation/Http/Kernel::dispatchToRouter():198}()
#27 C:/Users/kings/Downloads/sbrai-app-backend-FIXED/vendor/laravel/framework/src/Illuminate/Foundation/Http/Middleware/TransformsRequest.php(21): Illuminate/Pipeline/Pipeline->{closure:Illuminate/Pipeline/Pipeline::prepareDestination():168}()
#28 C:/Users/kings/Downloads/sbrai-app-backend-FIXED/vendor/laravel/framework/src/Illuminate/Foundation/Http/Middleware/ConvertEmptyStringsToNull.php(31): Illuminate/Foundation/Http/Middleware/TransformsRequest->handle()
#29 C:/Users/kings/Downloads/sbrai-app-backend-FIXED/vendor/laravel/framework/src/Illuminate/Pipeline/Pipeline.php(209): Illuminate/Foundation/Http/Middleware/ConvertEmptyStringsToNull->handle()
#30 C:/Users/kings/Downloads/sbrai-app-backend-FIXED/vendor/laravel/framework/src/Illuminate/Foundation/Http/Middleware/TransformsRequest.php(21): Illuminate/Pipeline/Pipeline->{closure:{closure:Illuminate/Pipeline/Pipeline::carry():184}:185}()
#31 C:/Users/kings/Downloads/sbrai-app-backend-FIXED/vendor/laravel/framework/src/Illuminate/Foundation/Http/Middleware/TrimStrings.php(51): Illuminate/Foundation/Http/Middleware/TransformsRequest->handle()
#32 C:/Users/kings/Downloads/sbrai-app-backend-FIXED/vendor/laravel/framework/src/Illuminate/Pipeline/Pipeline.php(209): Illuminate/Foundation/Http/Middleware/TrimStrings->handle()
#33 C:/Users/kings/Downloads/sbrai-app-backend-FIXED/vendor/laravel/framework/src/Illuminate/Http/Middleware/ValidatePostSize.php(27): Illuminate/Pipeline/Pipeline->{closure:{closure:Illuminate/Pipeline/Pipeline::carry():184}:185}()
#34 C:/Users/kings/Downloads/sbrai-app-backend-FIXED/vendor/laravel/framework/src/Illuminate/Pipeline/Pipeline.php(209): Illuminate/Http/Middleware/ValidatePostSize->handle()
#35 C:/Users/kings/Downloads/sbrai-app-backend-FIXED/vendor/laravel/framework/src/Illuminate/Foundation/Http/Middleware/PreventRequestsDuringMaintenance.php(110): Illuminate/Pipeline/Pipeline->{closure:{closure:Illuminate/Pipeline/Pipeline::carry():184}:185}()
#36 C:/Users/kings/Downloads/sbrai-app-backend-FIXED/vendor/laravel/framework/src/Illuminate/Pipeline/Pipeline.php(209): Illuminate/Foundation/Http/Middleware/PreventRequestsDuringMaintenance->handle()
#37 C:/Users/kings/Downloads/sbrai-app-backend-FIXED/vendor/laravel/framework/src/Illuminate/Http/Middleware/HandleCors.php(62): Illuminate/Pipeline/Pipeline->{closure:{closure:Illuminate/Pipeline/Pipeline::carry():184}:185}()
#38 C:/Users/kings/Downloads/sbrai-app-backend-FIXED/vendor/laravel/framework/src/Illuminate/Pipeline/Pipeline.php(209): Illuminate/Http/Middleware/HandleCors->handle()
#39 C:/Users/kings/Downloads/sbrai-app-backend-FIXED/vendor/laravel/framework/src/Illuminate/Http/Middleware/TrustProxies.php(58): Illuminate/Pipeline/Pipeline->{closure:{closure:Illuminate/Pipeline/Pipeline::carry():184}:185}()
#40 C:/Users/kings/Downloads/sbrai-app-backend-FIXED/vendor/laravel/framework/src/Illuminate/Pipeline/Pipeline.php(209): Illuminate/Http/Middleware/TrustProxies->handle()
#41 C:/Users/kings/Downloads/sbrai-app-backend-FIXED/vendor/laravel/framework/src/Illuminate/Foundation/Http/Middleware/InvokeDeferredCallbacks.php(22): Illuminate/Pipeline/Pipeline->{closure:{closure:Illuminate/Pipeline/Pipeline::carry():184}:185}()
#42 C:/Users/kings/Downloads/sbrai-app-backend-FIXED/vendor/laravel/framework/src/Illuminate/Pipeline/Pipeline.php(209): Illuminate/Foundation/Http/Middleware/InvokeDeferredCallbacks->handle()
#43 C:/Users/kings/Downloads/sbrai-app-backend-FIXED/vendor/laravel/framework/src/Illuminate/Pipeline/Pipeline.php(127): Illuminate/Pipeline/Pipeline->{closure:{closure:Illuminate/Pipeline/Pipeline::carry():184}:185}()
#44 C:/Users/kings/Downloads/sbrai-app-backend-FIXED/vendor/laravel/framework/src/Illuminate/Foundation/Http/Kernel.php(176): Illuminate/Pipeline/Pipeline->then()
#45 C:/Users/kings/Downloads/sbrai-app-backend-FIXED/vendor/laravel/framework/src/Illuminate/Foundation/Http/Kernel.php(145): Illuminate/Foundation/Http/Kernel->sendRequestThroughRouter()
#46 C:/Users/kings/Downloads/sbrai-app-backend-FIXED/vendor/laravel/framework/src/Illuminate/Foundation/Application.php(1220): Illuminate/Foundation/Http/Kernel->handle()
#47 C:/Users/kings/Downloads/sbrai-app-backend-FIXED/public/index.php(17): Illuminate/Foundation/Application->handleRequest()
#48 C:/Users/kings/Downloads/sbrai-app-backend-FIXED/vendor/laravel/framework/src/Illuminate/Foundation/resources/server.php(23): require_once('...')
#49 {main}

[previous exception] [object] (PDOException(code: HY000): SQLSTATE[HY000]: General error: 1 no such table: cache at C:/Users/kings/Downloads/sbrai-app-backend-FIXED/vendor/laravel/framework/src/Illuminate/Database/Connection.php:592)
[stacktrace]
#0 C:/Users/kings/Downloads/sbrai-app-backend-FIXED/vendor/laravel/framework/src/Illuminate/Database/Connection.php(592): PDO->prepare()
#1 C:/Users/kings/Downloads/sbrai-app-backend-FIXED/vendor/laravel/framework/src/Illuminate/Database/Connection.php(812): Illuminate/Database/Connection->{closure:Illuminate/Database/Connection::affectingStatement():584}()
#2 C:/Users/kings/Downloads/sbrai-app-backend-FIXED/vendor/laravel/framework/src/Illuminate/Database/Connection.php(779): Illuminate/Database/Connection->runQueryCallback()
#3 C:/Users/kings/Downloads/sbrai-app-backend-FIXED/vendor/laravel/framework/src/Illuminate/Database/Connection.php(584): Illuminate/Database/Connection->run()
#4 C:/Users/kings/Downloads/sbrai-app-backend-FIXED/vendor/laravel/framework/src/Illuminate/Database/Query/Builder.php(3917): Illuminate/Database/Connection->affectingStatement()
#5 C:/Users/kings/Downloads/sbrai-app-backend-FIXED/vendor/laravel/framework/src/Illuminate/Cache/DatabaseStore.php(190): Illuminate/Database/Query/Builder->upsert()
#6 C:/Users/kings/Downloads/sbrai-app-backend-FIXED/vendor/laravel/framework/src/Illuminate/Cache/DatabaseStore.php(167): Illuminate/Cache/DatabaseStore->putMany()
#7 C:/Users/kings/Downloads/sbrai-app-backend-FIXED/vendor/laravel/framework/src/Illuminate/Cache/Repository.php(237): Illuminate/Cache/DatabaseStore->put()
#8 C:/Users/kings/Downloads/sbrai-app-backend-FIXED/vendor/laravel/framework/src/Illuminate/Cache/CacheManager.php(453): Illuminate/Cache/Repository->put()
#9 C:/Users/kings/Downloads/sbrai-app-backend-FIXED/vendor/laravel/framework/src/Illuminate/Support/Facades/Facade.php(361): Illuminate/Cache/CacheManager->__call()
#10 C:/Users/kings/Downloads/sbrai-app-backend-FIXED/app/Services/OtpService.php(15): Illuminate/Support/Facades/Facade::__callStatic()
#11 C:/Users/kings/Downloads/sbrai-app-backend-FIXED/app/Http/Controllers/Api/MonoKycController.php(167): App/Services/OtpService::generate()
#12 C:/Users/kings/Downloads/sbrai-app-backend-FIXED/vendor/laravel/framework/src/Illuminate/Routing/Controller.php(54): App/Http/Controllers/Api/MonoKycController->sendEmailOtp()
#13 C:/Users/kings/Downloads/sbrai-app-backend-FIXED/vendor/laravel/framework/src/Illuminate/Routing/ControllerDispatcher.php(44): Illuminate/Routing/Controller->callAction()
#14 C:/Users/kings/Downloads/sbrai-app-backend-FIXED/vendor/laravel/framework/src/Illuminate/Routing/Route.php(266): Illuminate/Routing/ControllerDispatcher->dispatch()
#15 C:/Users/kings/Downloads/sbrai-app-backend-FIXED/vendor/laravel/framework/src/Illuminate/Routing/Route.php(212): Illuminate/Routing/Route->runController()
#16 C:/Users/kings/Downloads/sbrai-app-backend-FIXED/vendor/laravel/framework/src/Illuminate/Routing/Router.php(808): Illuminate/Routing/Route->run()
#17 C:/Users/kings/Downloads/sbrai-app-backend-FIXED/vendor/laravel/framework/src/Illuminate/Pipeline/Pipeline.php(170): Illuminate/Routing/Router->{closure:Illuminate/Routing/Router::runRouteWithinStack():807}()
#18 C:/Users/kings/Downloads/sbrai-app-backend-FIXED/vendor/laravel/framework/src/Illuminate/Routing/Middleware/SubstituteBindings.php(51): Illuminate/Pipeline/Pipeline->{closure:Illuminate/Pipeline/Pipeline::prepareDestination():168}()
#19 C:/Users/kings/Downloads/sbrai-app-backend-FIXED/vendor/laravel/framework/src/Illuminate/Pipeline/Pipeline.php(209): Illuminate/Routing/Middleware/SubstituteBindings->handle()
#20 C:/Users/kings/Downloads/sbrai-app-backend-FIXED/vendor/laravel/framework/src/Illuminate/Auth/Middleware/Authenticate.php(64): Illuminate/Pipeline/Pipeline->{closure:{closure:Illuminate/Pipeline/Pipeline::carry():184}:185}()
#21 C:/Users/kings/Downloads/sbrai-app-backend-FIXED/vendor/laravel/framework/src/Illuminate/Pipeline/Pipeline.php(209): Illuminate/Auth/Middleware/Authenticate->handle()
#22 C:/Users/kings/Downloads/sbrai-app-backend-FIXED/vendor/laravel/framework/src/Illuminate/Pipeline/Pipeline.php(127): Illuminate/Pipeline/Pipeline->{closure:{closure:Illuminate/Pipeline/Pipeline::carry():184}:185}()
#23 C:/Users/kings/Downloads/sbrai-app-backend-FIXED/vendor/laravel/framework/src/Illuminate/Routing/Router.php(807): Illuminate/Pipeline/Pipeline->then()
#24 C:/Users/kings/Downloads/sbrai-app-backend-FIXED/vendor/laravel/framework/src/Illuminate/Routing/Router.php(786): Illuminate/Routing/Router->runRouteWithinStack()
#25 C:/Users/kings/Downloads/sbrai-app-backend-FIXED/vendor/laravel/framework/src/Illuminate/Routing/Router.php(750): Illuminate/Routing/Router->runRoute()
#26 C:/Users/kings/Downloads/sbrai-app-backend-FIXED/vendor/laravel/framework/src/Illuminate/Routing/Router.php(739): Illuminate/Routing/Router->dispatchToRoute()
#27 C:/Users/kings/Downloads/sbrai-app-backend-FIXED/vendor/laravel/framework/src/Illuminate/Foundation/Http/Kernel.php(201): Illuminate/Routing/Router->dispatch()
#28 C:/Users/kings/Downloads/sbrai-app-backend-FIXED/vendor/laravel/framework/src/Illuminate/Pipeline/Pipeline.php(170): Illuminate/Foundation/Http/Kernel->{closure:Illuminate/Foundation/Http/Kernel::dispatchToRouter():198}()
#29 C:/Users/kings/Downloads/sbrai-app-backend-FIXED/vendor/laravel/framework/src/Illuminate/Foundation/Http/Middleware/TransformsRequest.php(21): Illuminate/Pipeline/Pipeline->{closure:Illuminate/Pipeline/Pipeline::prepareDestination():168}()
#30 C:/Users/kings/Downloads/sbrai-app-backend-FIXED/vendor/laravel/framework/src/Illuminate/Foundation/Http/Middleware/ConvertEmptyStringsToNull.php(31): Illuminate/Foundation/Http/Middleware/TransformsRequest->handle()
#31 C:/Users/kings/Downloads/sbrai-app-backend-FIXED/vendor/laravel/framework/src/Illuminate/Pipeline/Pipeline.php(209): Illuminate/Foundation/Http/Middleware/ConvertEmptyStringsToNull->handle()
#32 C:/Users/kings/Downloads/sbrai-app-backend-FIXED/vendor/laravel/framework/src/Illuminate/Foundation/Http/Middleware/TransformsRequest.php(21): Illuminate/Pipeline/Pipeline->{closure:{closure:Illuminate/Pipeline/Pipeline::carry():184}:185}()
#33 C:/Users/kings/Downloads/sbrai-app-backend-FIXED/vendor/laravel/framework/src/Illuminate/Foundation/Http/Middleware/TrimStrings.php(51): Illuminate/Foundation/Http/Middleware/TransformsRequest->handle()
#34 C:/Users/kings/Downloads/sbrai-app-backend-FIXED/vendor/laravel/framework/src/Illuminate/Pipeline/Pipeline.php(209): Illuminate/Foundation/Http/Middleware/TrimStrings->handle()
#35 C:/Users/kings/Downloads/sbrai-app-backend-FIXED/vendor/laravel/framework/src/Illuminate/Http/Middleware/ValidatePostSize.php(27): Illuminate/Pipeline/Pipeline->{closure:{closure:Illuminate/Pipeline/Pipeline::carry():184}:185}()
#36 C:/Users/kings/Downloads/sbrai-app-backend-FIXED/vendor/laravel/framework/src/Illuminate/Pipeline/Pipeline.php(209): Illuminate/Http/Middleware/ValidatePostSize->handle()
#37 C:/Users/kings/Downloads/sbrai-app-backend-FIXED/vendor/laravel/framework/src/Illuminate/Foundation/Http/Middleware/PreventRequestsDuringMaintenance.php(110): Illuminate/Pipeline/Pipeline->{closure:{closure:Illuminate/Pipeline/Pipeline::carry():184}:185}()
#38 C:/Users/kings/Downloads/sbrai-app-backend-FIXED/vendor/laravel/framework/src/Illuminate/Pipeline/Pipeline.php(209): Illuminate/Foundation/Http/Middleware/PreventRequestsDuringMaintenance->handle()
#39 C:/Users/kings/Downloads/sbrai-app-backend-FIXED/vendor/laravel/framework/src/Illuminate/Http/Middleware/HandleCors.php(62): Illuminate/Pipeline/Pipeline->{closure:{closure:Illuminate/Pipeline/Pipeline::carry():184}:185}()
#40 C:/Users/kings/Downloads/sbrai-app-backend-FIXED/vendor/laravel/framework/src/Illuminate/Pipeline/Pipeline.php(209): Illuminate/Http/Middleware/HandleCors->handle()
#41 C:/Users/kings/Downloads/sbrai-app-backend-FIXED/vendor/laravel/framework/src/Illuminate/Http/Middleware/TrustProxies.php(58): Illuminate/Pipeline/Pipeline->{closure:{closure:Illuminate/Pipeline/Pipeline::carry():184}:185}()
#42 C:/Users/kings/Downloads/sbrai-app-backend-FIXED/vendor/laravel/framework/src/Illuminate/Pipeline/Pipeline.php(209): Illuminate/Http/Middleware/TrustProxies->handle()
#43 C:/Users/kings/Downloads/sbrai-app-backend-FIXED/vendor/laravel/framework/src/Illuminate/Foundation/Http/Middleware/InvokeDeferredCallbacks.php(22): Illuminate/Pipeline/Pipeline->{closure:{closure:Illuminate/Pipeline/Pipeline::carry():184}:185}()
#44 C:/Users/kings/Downloads/sbrai-app-backend-FIXED/vendor/laravel/framework/src/Illuminate/Pipeline/Pipeline.php(209): Illuminate/Foundation/Http/Middleware/InvokeDeferredCallbacks->handle()
#45 C:/Users/kings/Downloads/sbrai-app-backend-FIXED/vendor/laravel/framework/src/Illuminate/Pipeline/Pipeline.php(127): Illuminate/Pipeline/Pipeline->{closure:{closure:Illuminate/Pipeline/Pipeline::carry():184}:185}()
#46 C:/Users/kings/Downloads/sbrai-app-backend-FIXED/vendor/laravel/framework/src/Illuminate/Foundation/Http/Kernel.php(176): Illuminate/Pipeline/Pipeline->then()
#47 C:/Users/kings/Downloads/sbrai-app-backend-FIXED/vendor/laravel/framework/src/Illuminate/Foundation/Http/Kernel.php(145): Illuminate/Foundation/Http/Kernel->sendRequestThroughRouter()
#48 C:/Users/kings/Downloads/sbrai-app-backend-FIXED/vendor/laravel/framework/src/Illuminate/Foundation/Application.php(1220): Illuminate/Foundation/Http/Kernel->handle()
#49 C:/Users/kings/Downloads/sbrai-app-backend-FIXED/public/index.php(17): Illuminate/Foundation/Application->handleRequest()
#50 C:/Users/kings/Downloads/sbrai-app-backend-FIXED/vendor/laravel/framework/src/Illuminate/Foundation/resources/server.php(23): require_once('...')
#51 {main}
"} 
[2026-08-25 09:10:41] local.ERROR: SQLSTATE[HY000]: General error: 1 no such table: cache (Connection: sqlite, SQL: insert into "cache" ("expiration", "key", "value") values (1787649641, otp:phone_verify:08136386103, s:6:"074407";) on conflict ("key") do update set "expiration" = "excluded"."expiration", "key" = "excluded"."key", "value" = "excluded"."value") {"userId":"a24e7571-58ba-4d47-8ff3-0b6f96a3652e","exception":"[object] (Illuminate\\Database\\QueryException(code: HY000): SQLSTATE[HY000]: General error: 1 no such table: cache (Connection: sqlite, SQL: insert into \"cache\" (\"expiration\", \"key\", \"value\") values (1787649641, otp:phone_verify:08136386103, s:6:\"074407\";) on conflict (\"key\") do update set \"expiration\" = \"excluded\".\"expiration\", \"key\" = \"excluded\".\"key\", \"value\" = \"excluded\".\"value\") at C:/Users/kings/Downloads/sbrai-app-backend-FIXED/vendor/laravel/framework/src/Illuminate/Database/Connection.php:825)
[stacktrace]
#0 C:/Users/kings/Downloads/sbrai-app-backend-FIXED/vendor/laravel/framework/src/Illuminate/Database/Connection.php(779): Illuminate/Database/Connection->runQueryCallback()
#1 C:/Users/kings/Downloads/sbrai-app-backend-FIXED/vendor/laravel/framework/src/Illuminate/Database/Connection.php(584): Illuminate/Database/Connection->run()
#2 C:/Users/kings/Downloads/sbrai-app-backend-FIXED/vendor/laravel/framework/src/Illuminate/Database/Query/Builder.php(3917): Illuminate/Database/Connection->affectingStatement()
#3 C:/Users/kings/Downloads/sbrai-app-backend-FIXED/vendor/laravel/framework/src/Illuminate/Cache/DatabaseStore.php(190): Illuminate/Database/Query/Builder->upsert()
#4 C:/Users/kings/Downloads/sbrai-app-backend-FIXED/vendor/laravel/framework/src/Illuminate/Cache/DatabaseStore.php(167): Illuminate/Cache/DatabaseStore->putMany()
#5 C:/Users/kings/Downloads/sbrai-app-backend-FIXED/vendor/laravel/framework/src/Illuminate/Cache/Repository.php(237): Illuminate/Cache/DatabaseStore->put()
#6 C:/Users/kings/Downloads/sbrai-app-backend-FIXED/vendor/laravel/framework/src/Illuminate/Cache/CacheManager.php(453): Illuminate/Cache/Repository->put()
#7 C:/Users/kings/Downloads/sbrai-app-backend-FIXED/vendor/laravel/framework/src/Illuminate/Support/Facades/Facade.php(361): Illuminate/Cache/CacheManager->__call()
#8 C:/Users/kings/Downloads/sbrai-app-backend-FIXED/app/Services/OtpService.php(15): Illuminate/Support/Facades/Facade::__callStatic()
#9 C:/Users/kings/Downloads/sbrai-app-backend-FIXED/app/Http/Controllers/Api/MonoKycController.php(188): App/Services/OtpService::generate()
#10 C:/Users/kings/Downloads/sbrai-app-backend-FIXED/vendor/laravel/framework/src/Illuminate/Routing/Controller.php(54): App/Http/Controllers/Api/MonoKycController->sendPhoneOtp()
#11 C:/Users/kings/Downloads/sbrai-app-backend-FIXED/vendor/laravel/framework/src/Illuminate/Routing/ControllerDispatcher.php(44): Illuminate/Routing/Controller->callAction()
#12 C:/Users/kings/Downloads/sbrai-app-backend-FIXED/vendor/laravel/framework/src/Illuminate/Routing/Route.php(266): Illuminate/Routing/ControllerDispatcher->dispatch()
#13 C:/Users/kings/Downloads/sbrai-app-backend-FIXED/vendor/laravel/framework/src/Illuminate/Routing/Route.php(212): Illuminate/Routing/Route->runController()
#14 C:/Users/kings/Downloads/sbrai-app-backend-FIXED/vendor/laravel/framework/src/Illuminate/Routing/Router.php(808): Illuminate/Routing/Route->run()
#15 C:/Users/kings/Downloads/sbrai-app-backend-FIXED/vendor/laravel/framework/src/Illuminate/Pipeline/Pipeline.php(170): Illuminate/Routing/Router->{closure:Illuminate/Routing/Router::runRouteWithinStack():807}()
#16 C:/Users/kings/Downloads/sbrai-app-backend-FIXED/vendor/laravel/framework/src/Illuminate/Routing/Middleware/SubstituteBindings.php(51): Illuminate/Pipeline/Pipeline->{closure:Illuminate/Pipeline/Pipeline::prepareDestination():168}()
#17 C:/Users/kings/Downloads/sbrai-app-backend-FIXED/vendor/laravel/framework/src/Illuminate/Pipeline/Pipeline.php(209): Illuminate/Routing/Middleware/SubstituteBindings->handle()
#18 C:/Users/kings/Downloads/sbrai-app-backend-FIXED/vendor/laravel/framework/src/Illuminate/Auth/Middleware/Authenticate.php(64): Illuminate/Pipeline/Pipeline->{closure:{closure:Illuminate/Pipeline/Pipeline::carry():184}:185}()
#19 C:/Users/kings/Downloads/sbrai-app-backend-FIXED/vendor/laravel/framework/src/Illuminate/Pipeline/Pipeline.php(209): Illuminate/Auth/Middleware/Authenticate->handle()
#20 C:/Users/kings/Downloads/sbrai-app-backend-FIXED/vendor/laravel/framework/src/Illuminate/Pipeline/Pipeline.php(127): Illuminate/Pipeline/Pipeline->{closure:{closure:Illuminate/Pipeline/Pipeline::carry():184}:185}()
#21 C:/Users/kings/Downloads/sbrai-app-backend-FIXED/vendor/laravel/framework/src/Illuminate/Routing/Router.php(807): Illuminate/Pipeline/Pipeline->then()
#22 C:/Users/kings/Downloads/sbrai-app-backend-FIXED/vendor/laravel/framework/src/Illuminate/Routing/Router.php(786): Illuminate/Routing/Router->runRouteWithinStack()
#23 C:/Users/kings/Downloads/sbrai-app-backend-FIXED/vendor/laravel/framework/src/Illuminate/Routing/Router.php(750): Illuminate/Routing/Router->runRoute()
#24 C:/Users/kings/Downloads/sbrai-app-backend-FIXED/vendor/laravel/framework/src/Illuminate/Routing/Router.php(739): Illuminate/Routing/Router->dispatchToRoute()
#25 C:/Users/kings/Downloads/sbrai-app-backend-FIXED/vendor/laravel/framework/src/Illuminate/Foundation/Http/Kernel.php(201): Illuminate/Routing/Router->dispatch()
#26 C:/Users/kings/Downloads/sbrai-app-backend-FIXED/vendor/laravel/framework/src/Illuminate/Pipeline/Pipeline.php(170): Illuminate/Foundation/Http/Kernel->{closure:Illuminate/Foundation/Http/Kernel::dispatchToRouter():198}()
#27 C:/Users/kings/Downloads/sbrai-app-backend-FIXED/vendor/laravel/framework/src/Illuminate/Foundation/Http/Middleware/TransformsRequest.php(21): Illuminate/Pipeline/Pipeline->{closure:Illuminate/Pipeline/Pipeline::prepareDestination():168}()
#28 C:/Users/kings/Downloads/sbrai-app-backend-FIXED/vendor/laravel/framework/src/Illuminate/Foundation/Http/Middleware/ConvertEmptyStringsToNull.php(31): Illuminate/Foundation/Http/Middleware/TransformsRequest->handle()
#29 C:/Users/kings/Downloads/sbrai-app-backend-FIXED/vendor/laravel/framework/src/Illuminate/Pipeline/Pipeline.php(209): Illuminate/Foundation/Http/Middleware/ConvertEmptyStringsToNull->handle()
#30 C:/Users/kings/Downloads/sbrai-app-backend-FIXED/vendor/laravel/framework/src/Illuminate/Foundation/Http/Middleware/TransformsRequest.php(21): Illuminate/Pipeline/Pipeline->{closure:{closure:Illuminate/Pipeline/Pipeline::carry():184}:185}()
#31 C:/Users/kings/Downloads/sbrai-app-backend-FIXED/vendor/laravel/framework/src/Illuminate/Foundation/Http/Middleware/TrimStrings.php(51): Illuminate/Foundation/Http/Middleware/TransformsRequest->handle()
#32 C:/Users/kings/Downloads/sbrai-app-backend-FIXED/vendor/laravel/framework/src/Illuminate/Pipeline/Pipeline.php(209): Illuminate/Foundation/Http/Middleware/TrimStrings->handle()
#33 C:/Users/kings/Downloads/sbrai-app-backend-FIXED/vendor/laravel/framework/src/Illuminate/Http/Middleware/ValidatePostSize.php(27): Illuminate/Pipeline/Pipeline->{closure:{closure:Illuminate/Pipeline/Pipeline::carry():184}:185}()
#34 C:/Users/kings/Downloads/sbrai-app-backend-FIXED/vendor/laravel/framework/src/Illuminate/Pipeline/Pipeline.php(209): Illuminate/Http/Middleware/ValidatePostSize->handle()
#35 C:/Users/kings/Downloads/sbrai-app-backend-FIXED/vendor/laravel/framework/src/Illuminate/Foundation/Http/Middleware/PreventRequestsDuringMaintenance.php(110): Illuminate/Pipeline/Pipeline->{closure:{closure:Illuminate/Pipeline/Pipeline::carry():184}:185}()
#36 C:/Users/kings/Downloads/sbrai-app-backend-FIXED/vendor/laravel/framework/src/Illuminate/Pipeline/Pipeline.php(209): Illuminate/Foundation/Http/Middleware/PreventRequestsDuringMaintenance->handle()
#37 C:/Users/kings/Downloads/sbrai-app-backend-FIXED/vendor/laravel/framework/src/Illuminate/Http/Middleware/HandleCors.php(62): Illuminate/Pipeline/Pipeline->{closure:{closure:Illuminate/Pipeline/Pipeline::carry():184}:185}()
#38 C:/Users/kings/Downloads/sbrai-app-backend-FIXED/vendor/laravel/framework/src/Illuminate/Pipeline/Pipeline.php(209): Illuminate/Http/Middleware/HandleCors->handle()
#39 C:/Users/kings/Downloads/sbrai-app-backend-FIXED/vendor/laravel/framework/src/Illuminate/Http/Middleware/TrustProxies.php(58): Illuminate/Pipeline/Pipeline->{closure:{closure:Illuminate/Pipeline/Pipeline::carry():184}:185}()
#40 C:/Users/kings/Downloads/sbrai-app-backend-FIXED/vendor/laravel/framework/src/Illuminate/Pipeline/Pipeline.php(209): Illuminate/Http/Middleware/TrustProxies->handle()
#41 C:/Users/kings/Downloads/sbrai-app-backend-FIXED/vendor/laravel/framework/src/Illuminate/Foundation/Http/Middleware/InvokeDeferredCallbacks.php(22): Illuminate/Pipeline/Pipeline->{closure:{closure:Illuminate/Pipeline/Pipeline::carry():184}:185}()
#42 C:/Users/kings/Downloads/sbrai-app-backend-FIXED/vendor/laravel/framework/src/Illuminate/Pipeline/Pipeline.php(209): Illuminate/Foundation/Http/Middleware/InvokeDeferredCallbacks->handle()
#43 C:/Users/kings/Downloads/sbrai-app-backend-FIXED/vendor/laravel/framework/src/Illuminate/Pipeline/Pipeline.php(127): Illuminate/Pipeline/Pipeline->{closure:{closure:Illuminate/Pipeline/Pipeline::carry():184}:185}()
#44 C:/Users/kings/Downloads/sbrai-app-backend-FIXED/vendor/laravel/framework/src/Illuminate/Foundation/Http/Kernel.php(176): Illuminate/Pipeline/Pipeline->then()
#45 C:/Users/kings/Downloads/sbrai-app-backend-FIXED/vendor/laravel/framework/src/Illuminate/Foundation/Http/Kernel.php(145): Illuminate/Foundation/Http/Kernel->sendRequestThroughRouter()
#46 C:/Users/kings/Downloads/sbrai-app-backend-FIXED/vendor/laravel/framework/src/Illuminate/Foundation/Application.php(1220): Illuminate/Foundation/Http/Kernel->handle()
#47 C:/Users/kings/Downloads/sbrai-app-backend-FIXED/public/index.php(17): Illuminate/Foundation/Application->handleRequest()
#48 C:/Users/kings/Downloads/sbrai-app-backend-FIXED/vendor/laravel/framework/src/Illuminate/Foundation/resources/server.php(23): require_once('...')
#49 {main}

[previous exception] [object] (PDOException(code: HY000): SQLSTATE[HY000]: General error: 1 no such table: cache at C:/Users/kings/Downloads/sbrai-app-backend-FIXED/vendor/laravel/framework/src/Illuminate/Database/Connection.php:592)
[stacktrace]
#0 C:/Users/kings/Downloads/sbrai-app-backend-FIXED/vendor/laravel/framework/src/Illuminate/Database/Connection.php(592): PDO->prepare()
#1 C:/Users/kings/Downloads/sbrai-app-backend-FIXED/vendor/laravel/framework/src/Illuminate/Database/Connection.php(812): Illuminate/Database/Connection->{closure:Illuminate/Database/Connection::affectingStatement():584}()
#2 C:/Users/kings/Downloads/sbrai-app-backend-FIXED/vendor/laravel/framework/src/Illuminate/Database/Connection.php(779): Illuminate/Database/Connection->runQueryCallback()
#3 C:/Users/kings/Downloads/sbrai-app-backend-FIXED/vendor/laravel/framework/src/Illuminate/Database/Connection.php(584): Illuminate/Database/Connection->run()
#4 C:/Users/kings/Downloads/sbrai-app-backend-FIXED/vendor/laravel/framework/src/Illuminate/Database/Query/Builder.php(3917): Illuminate/Database/Connection->affectingStatement()
#5 C:/Users/kings/Downloads/sbrai-app-backend-FIXED/vendor/laravel/framework/src/Illuminate/Cache/DatabaseStore.php(190): Illuminate/Database/Query/Builder->upsert()
#6 C:/Users/kings/Downloads/sbrai-app-backend-FIXED/vendor/laravel/framework/src/Illuminate/Cache/DatabaseStore.php(167): Illuminate/Cache/DatabaseStore->putMany()
#7 C:/Users/kings/Downloads/sbrai-app-backend-FIXED/vendor/laravel/framework/src/Illuminate/Cache/Repository.php(237): Illuminate/Cache/DatabaseStore->put()
#8 C:/Users/kings/Downloads/sbrai-app-backend-FIXED/vendor/laravel/framework/src/Illuminate/Cache/CacheManager.php(453): Illuminate/Cache/Repository->put()
#9 C:/Users/kings/Downloads/sbrai-app-backend-FIXED/vendor/laravel/framework/src/Illuminate/Support/Facades/Facade.php(361): Illuminate/Cache/CacheManager->__call()
#10 C:/Users/kings/Downloads/sbrai-app-backend-FIXED/app/Services/OtpService.php(15): Illuminate/Support/Facades/Facade::__callStatic()
#11 C:/Users/kings/Downloads/sbrai-app-backend-FIXED/app/Http/Controllers/Api/MonoKycController.php(188): App/Services/OtpService::generate()
#12 C:/Users/kings/Downloads/sbrai-app-backend-FIXED/vendor/laravel/framework/src/Illuminate/Routing/Controller.php(54): App/Http/Controllers/Api/MonoKycController->sendPhoneOtp()
#13 C:/Users/kings/Downloads/sbrai-app-backend-FIXED/vendor/laravel/framework/src/Illuminate/Routing/ControllerDispatcher.php(44): Illuminate/Routing/Controller->callAction()
#14 C:/Users/kings/Downloads/sbrai-app-backend-FIXED/vendor/laravel/framework/src/Illuminate/Routing/Route.php(266): Illuminate/Routing/ControllerDispatcher->dispatch()
#15 C:/Users/kings/Downloads/sbrai-app-backend-FIXED/vendor/laravel/framework/src/Illuminate/Routing/Route.php(212): Illuminate/Routing/Route->runController()
#16 C:/Users/kings/Downloads/sbrai-app-backend-FIXED/vendor/laravel/framework/src/Illuminate/Routing/Router.php(808): Illuminate/Routing/Route->run()
#17 C:/Users/kings/Downloads/sbrai-app-backend-FIXED/vendor/laravel/framework/src/Illuminate/Pipeline/Pipeline.php(170): Illuminate/Routing/Router->{closure:Illuminate/Routing/Router::runRouteWithinStack():807}()
#18 C:/Users/kings/Downloads/sbrai-app-backend-FIXED/vendor/laravel/framework/src/Illuminate/Routing/Middleware/SubstituteBindings.php(51): Illuminate/Pipeline/Pipeline->{closure:Illuminate/Pipeline/Pipeline::prepareDestination():168}()
#19 C:/Users/kings/Downloads/sbrai-app-backend-FIXED/vendor/laravel/framework/src/Illuminate/Pipeline/Pipeline.php(209): Illuminate/Routing/Middleware/SubstituteBindings->handle()
#20 C:/Users/kings/Downloads/sbrai-app-backend-FIXED/vendor/laravel/framework/src/Illuminate/Auth/Middleware/Authenticate.php(64): Illuminate/Pipeline/Pipeline->{closure:{closure:Illuminate/Pipeline/Pipeline::carry():184}:185}()
#21 C:/Users/kings/Downloads/sbrai-app-backend-FIXED/vendor/laravel/framework/src/Illuminate/Pipeline/Pipeline.php(209): Illuminate/Auth/Middleware/Authenticate->handle()
#22 C:/Users/kings/Downloads/sbrai-app-backend-FIXED/vendor/laravel/framework/src/Illuminate/Pipeline/Pipeline.php(127): Illuminate/Pipeline/Pipeline->{closure:{closure:Illuminate/Pipeline/Pipeline::carry():184}:185}()
#23 C:/Users/kings/Downloads/sbrai-app-backend-FIXED/vendor/laravel/framework/src/Illuminate/Routing/Router.php(807): Illuminate/Pipeline/Pipeline->then()
#24 C:/Users/kings/Downloads/sbrai-app-backend-FIXED/vendor/laravel/framework/src/Illuminate/Routing/Router.php(786): Illuminate/Routing/Router->runRouteWithinStack()
#25 C:/Users/kings/Downloads/sbrai-app-backend-FIXED/vendor/laravel/framework/src/Illuminate/Routing/Router.php(750): Illuminate/Routing/Router->runRoute()
#26 C:/Users/kings/Downloads/sbrai-app-backend-FIXED/vendor/laravel/framework/src/Illuminate/Routing/Router.php(739): Illuminate/Routing/Router->dispatchToRoute()
#27 C:/Users/kings/Downloads/sbrai-app-backend-FIXED/vendor/laravel/framework/src/Illuminate/Foundation/Http/Kernel.php(201): Illuminate/Routing/Router->dispatch()
#28 C:/Users/kings/Downloads/sbrai-app-backend-FIXED/vendor/laravel/framework/src/Illuminate/Pipeline/Pipeline.php(170): Illuminate/Foundation/Http/Kernel->{closure:Illuminate/Foundation/Http/Kernel::dispatchToRouter():198}()
#29 C:/Users/kings/Downloads/sbrai-app-backend-FIXED/vendor/laravel/framework/src/Illuminate/Foundation/Http/Middleware/TransformsRequest.php(21): Illuminate/Pipeline/Pipeline->{closure:Illuminate/Pipeline/Pipeline::prepareDestination():168}()
#30 C:/Users/kings/Downloads/sbrai-app-backend-FIXED/vendor/laravel/framework/src/Illuminate/Foundation/Http/Middleware/ConvertEmptyStringsToNull.php(31): Illuminate/Foundation/Http/Middleware/TransformsRequest->handle()
#31 C:/Users/kings/Downloads/sbrai-app-backend-FIXED/vendor/laravel/framework/src/Illuminate/Pipeline/Pipeline.php(209): Illuminate/Foundation/Http/Middleware/ConvertEmptyStringsToNull->handle()
#32 C:/Users/kings/Downloads/sbrai-app-backend-FIXED/vendor/laravel/framework/src/Illuminate/Foundation/Http/Middleware/TransformsRequest.php(21): Illuminate/Pipeline/Pipeline->{closure:{closure:Illuminate/Pipeline/Pipeline::carry():184}:185}()
#33 C:/Users/kings/Downloads/sbrai-app-backend-FIXED/vendor/laravel/framework/src/Illuminate/Foundation/Http/Middleware/TrimStrings.php(51): Illuminate/Foundation/Http/Middleware/TransformsRequest->handle()
#34 C:/Users/kings/Downloads/sbrai-app-backend-FIXED/vendor/laravel/framework/src/Illuminate/Pipeline/Pipeline.php(209): Illuminate/Foundation/Http/Middleware/TrimStrings->handle()
#35 C:/Users/kings/Downloads/sbrai-app-backend-FIXED/vendor/laravel/framework/src/Illuminate/Http/Middleware/ValidatePostSize.php(27): Illuminate/Pipeline/Pipeline->{closure:{closure:Illuminate/Pipeline/Pipeline::carry():184}:185}()
#36 C:/Users/kings/Downloads/sbrai-app-backend-FIXED/vendor/laravel/framework/src/Illuminate/Pipeline/Pipeline.php(209): Illuminate/Http/Middleware/ValidatePostSize->handle()
#37 C:/Users/kings/Downloads/sbrai-app-backend-FIXED/vendor/laravel/framework/src/Illuminate/Foundation/Http/Middleware/PreventRequestsDuringMaintenance.php(110): Illuminate/Pipeline/Pipeline->{closure:{closure:Illuminate/Pipeline/Pipeline::carry():184}:185}()
#38 C:/Users/kings/Downloads/sbrai-app-backend-FIXED/vendor/laravel/framework/src/Illuminate/Pipeline/Pipeline.php(209): Illuminate/Foundation/Http/Middleware/PreventRequestsDuringMaintenance->handle()
#39 C:/Users/kings/Downloads/sbrai-app-backend-FIXED/vendor/laravel/framework/src/Illuminate/Http/Middleware/HandleCors.php(62): Illuminate/Pipeline/Pipeline->{closure:{closure:Illuminate/Pipeline/Pipeline::carry():184}:185}()
#40 C:/Users/kings/Downloads/sbrai-app-backend-FIXED/vendor/laravel/framework/src/Illuminate/Pipeline/Pipeline.php(209): Illuminate/Http/Middleware/HandleCors->handle()
#41 C:/Users/kings/Downloads/sbrai-app-backend-FIXED/vendor/laravel/framework/src/Illuminate/Http/Middleware/TrustProxies.php(58): Illuminate/Pipeline/Pipeline->{closure:{closure:Illuminate/Pipeline/Pipeline::carry():184}:185}()
#42 C:/Users/kings/Downloads/sbrai-app-backend-FIXED/vendor/laravel/framework/src/Illuminate/Pipeline/Pipeline.php(209): Illuminate/Http/Middleware/TrustProxies->handle()
#43 C:/Users/kings/Downloads/sbrai-app-backend-FIXED/vendor/laravel/framework/src/Illuminate/Foundation/Http/Middleware/InvokeDeferredCallbacks.php(22): Illuminate/Pipeline/Pipeline->{closure:{closure:Illuminate/Pipeline/Pipeline::carry():184}:185}()
#44 C:/Users/kings/Downloads/sbrai-app-backend-FIXED/vendor/laravel/framework/src/Illuminate/Pipeline/Pipeline.php(209): Illuminate/Foundation/Http/Middleware/InvokeDeferredCallbacks->handle()
#45 C:/Users/kings/Downloads/sbrai-app-backend-FIXED/vendor/laravel/framework/src/Illuminate/Pipeline/Pipeline.php(127): Illuminate/Pipeline/Pipeline->{closure:{closure:Illuminate/Pipeline/Pipeline::carry():184}:185}()
#46 C:/Users/kings/Downloads/sbrai-app-backend-FIXED/vendor/laravel/framework/src/Illuminate/Foundation/Http/Kernel.php(176): Illuminate/Pipeline/Pipeline->then()
#47 C:/Users/kings/Downloads/sbrai-app-backend-FIXED/vendor/laravel/framework/src/Illuminate/Foundation/Http/Kernel.php(145): Illuminate/Foundation/Http/Kernel->sendRequestThroughRouter()
#48 C:/Users/kings/Downloads/sbrai-app-backend-FIXED/vendor/laravel/framework/src/Illuminate/Foundation/Application.php(1220): Illuminate/Foundation/Http/Kernel->handle()
#49 C:/Users/kings/Downloads/sbrai-app-backend-FIXED/public/index.php(17): Illuminate/Foundation/Application->handleRequest()
#50 C:/Users/kings/Downloads/sbrai-app-backend-FIXED/vendor/laravel/framework/src/Illuminate/Foundation/resources/server.php(23): require_once('...')
#51 {main}
"} 
[2026-08-25 09:11:25] local.INFO: Mono NIN raw response: {"status":"failed","timestamp":"2026-08-25T09:11:25.125Z","message":"Missing secret key. Please provide your mono secret key in your request headers."}  
[2026-08-25 09:11:27] local.INFO: Mono NIN raw response: {"status":"failed","timestamp":"2026-08-25T09:11:27.648Z","message":"Missing secret key. Please provide your mono secret key in your request headers."}  
[2026-08-25 09:11:30] local.INFO: Mono NIN raw response: {"status":"failed","timestamp":"2026-08-25T09:11:29.972Z","message":"Missing secret key. Please provide your mono secret key in your request headers."}  
[2026-08-25 09:11:32] local.INFO: Mono NIN raw response: {"status":"failed","timestamp":"2026-08-25T09:11:32.145Z","message":"Missing secret key. Please provide your mono secret key in your request headers."}  
[2026-08-25 09:11:34] local.INFO: Mono NIN raw response: {"status":"failed","timestamp":"2026-08-25T09:11:34.512Z","message":"Missing secret key. Please provide your mono secret key in your request headers."}  
[2026-08-25 09:11:37] local.INFO: Mono NIN raw response: {"status":"failed","timestamp":"2026-08-25T09:11:37.175Z","message":"Missing secret key. Please provide your mono secret key in your request headers."}  
[2026-08-25 09:11:39] local.INFO: Mono NIN raw response: {"status":"failed","timestamp":"2026-08-25T09:11:39.552Z","message":"Missing secret key. Please provide your mono secret key in your request headers."}  
[2026-08-25 09:11:41] local.INFO: Mono NIN raw response: {"status":"failed","timestamp":"2026-08-25T09:11:41.914Z","message":"Missing secret key. Please provide your mono secret key in your request headers."}  
[2026-08-25 09:11:43] local.INFO: Mono NIN raw response: {"status":"failed","timestamp":"2026-08-25T09:11:43.808Z","message":"Missing secret key. Please provide your mono secret key in your request headers."}  
[2026-08-25 09:11:46] local.INFO: Mono NIN raw response: {"status":"failed","timestamp":"2026-08-25T09:11:46.071Z","message":"Missing secret key. Please provide your mono secret key in your request headers."}  
[2026-08-25 09:11:48] local.INFO: Mono NIN raw response: {"status":"failed","timestamp":"2026-08-25T09:11:48.417Z","message":"Missing secret key. Please provide your mono secret key in your request headers."}  
[2026-08-25 09:11:50] local.INFO: Mono NIN raw response: {"status":"failed","timestamp":"2026-08-25T09:11:50.820Z","message":"Missing secret key. Please provide your mono secret key in your request headers."}  
[2026-08-25 09:11:53] local.INFO: Mono NIN raw response: {"status":"failed","timestamp":"2026-08-25T09:11:53.304Z","message":"Missing secret key. Please provide your mono secret key in your request headers."}  
[2026-08-25 09:11:55] local.INFO: Mono NIN raw response: {"status":"failed","timestamp":"2026-08-25T09:11:55.263Z","message":"Missing secret key. Please provide your mono secret key in your request headers."}  
[2026-08-25 09:11:58] local.INFO: Mono NIN raw response: {"status":"failed","timestamp":"2026-08-25T09:11:58.292Z","message":"Missing secret key. Please provide your mono secret key in your request headers."}  
[2026-08-25 09:12:01] local.INFO: Mono NIN raw response: {"status":"failed","timestamp":"2026-08-25T09:12:00.950Z","message":"Missing secret key. Please provide your mono secret key in your request headers."}  
[2026-08-25 09:12:03] local.INFO: Mono NIN raw response: {"status":"failed","timestamp":"2026-08-25T09:12:03.242Z","message":"Missing secret key. Please provide your mono secret key in your request headers."}  
[2026-08-25 09:12:05] local.INFO: Mono NIN raw response: {"status":"failed","timestamp":"2026-08-25T09:12:05.527Z","message":"Missing secret key. Please provide your mono secret key in your request headers."}  
[2026-08-25 09:12:07] local.INFO: Mono NIN raw response: {"status":"failed","timestamp":"2026-08-25T09:12:07.705Z","message":"Missing secret key. Please provide your mono secret key in your request headers."}  
[2026-08-25 09:12:10] local.INFO: Mono NIN raw response: {"status":"failed","timestamp":"2026-08-25T09:12:09.941Z","message":"Missing secret key. Please provide your mono secret key in your request headers."}  
[2026-08-25 09:12:12] local.INFO: Mono NIN raw response: {"status":"failed","timestamp":"2026-08-25T09:12:12.318Z","message":"Missing secret key. Please provide your mono secret key in your request headers."}  
[2026-08-25 09:12:14] local.INFO: Mono NIN raw response: {"status":"failed","timestamp":"2026-08-25T09:12:14.456Z","message":"Missing secret key. Please provide your mono secret key in your request headers."}  
[2026-08-25 09:12:16] local.INFO: Mono NIN raw response: {"status":"failed","timestamp":"2026-08-25T09:12:16.709Z","message":"Missing secret key. Please provide your mono secret key in your request headers."}  
[2026-08-25 09:12:19] local.INFO: Mono NIN raw response: {"status":"failed","timestamp":"2026-08-25T09:12:18.992Z","message":"Missing secret key. Please provide your mono secret key in your request headers."}  
[2026-08-26 07:29:32] local.ERROR: SQLSTATE[HY000]: General error: 1 no such table: cache (Connection: sqlite, SQL: delete from "cache") {"exception":"[object] (Illuminate\\Database\\QueryException(code: HY000): SQLSTATE[HY000]: General error: 1 no such table: cache (Connection: sqlite, SQL: delete from \"cache\") at C:/Users/kings/Downloads/sbrai-app-backend-FIXED/vendor/laravel/framework/src/Illuminate/Database/Connection.php:825)
[stacktrace]
#0 C:/Users/kings/Downloads/sbrai-app-backend-FIXED/vendor/laravel/framework/src/Illuminate/Database/Connection.php(779): Illuminate/Database/Connection->runQueryCallback()
#1 C:/Users/kings/Downloads/sbrai-app-backend-FIXED/vendor/laravel/framework/src/Illuminate/Database/Connection.php(584): Illuminate/Database/Connection->run()
#2 C:/Users/kings/Downloads/sbrai-app-backend-FIXED/vendor/laravel/framework/src/Illuminate/Database/Connection.php(548): Illuminate/Database/Connection->affectingStatement()
#3 C:/Users/kings/Downloads/sbrai-app-backend-FIXED/vendor/laravel/framework/src/Illuminate/Database/Query/Builder.php(4024): Illuminate/Database/Connection->delete()
#4 C:/Users/kings/Downloads/sbrai-app-backend-FIXED/vendor/laravel/framework/src/Illuminate/Cache/DatabaseStore.php(422): Illuminate/Database/Query/Builder->delete()
#5 C:/Users/kings/Downloads/sbrai-app-backend-FIXED/vendor/laravel/framework/src/Illuminate/Cache/Repository.php(792): Illuminate/Cache/DatabaseStore->flush()
#6 C:/Users/kings/Downloads/sbrai-app-backend-FIXED/vendor/laravel/framework/src/Illuminate/Cache/Console/ClearCommand.php(69): Illuminate/Cache/Repository->__call()
#7 C:/Users/kings/Downloads/sbrai-app-backend-FIXED/vendor/laravel/framework/src/Illuminate/Container/BoundMethod.php(36): Illuminate/Cache/Console/ClearCommand->handle()
#8 C:/Users/kings/Downloads/sbrai-app-backend-FIXED/vendor/laravel/framework/src/Illuminate/Container/Util.php(43): Illuminate/Container/BoundMethod::{closure:Illuminate/Container/BoundMethod::call():35}()
#9 C:/Users/kings/Downloads/sbrai-app-backend-FIXED/vendor/laravel/framework/src/Illuminate/Container/BoundMethod.php(95): Illuminate/Container/Util::unwrapIfClosure()
#10 C:/Users/kings/Downloads/sbrai-app-backend-FIXED/vendor/laravel/framework/src/Illuminate/Container/BoundMethod.php(35): Illuminate/Container/BoundMethod::callBoundMethod()
#11 C:/Users/kings/Downloads/sbrai-app-backend-FIXED/vendor/laravel/framework/src/Illuminate/Container/Container.php(696): Illuminate/Container/BoundMethod::call()
#12 C:/Users/kings/Downloads/sbrai-app-backend-FIXED/vendor/laravel/framework/src/Illuminate/Console/Command.php(213): Illuminate/Container/Container->call()
#13 C:/Users/kings/Downloads/sbrai-app-backend-FIXED/vendor/symfony/console/Command/Command.php(341): Illuminate/Console/Command->execute()
#14 C:/Users/kings/Downloads/sbrai-app-backend-FIXED/vendor/laravel/framework/src/Illuminate/Console/Command.php(182): Symfony/Component/Console/Command/Command->run()
#15 C:/Users/kings/Downloads/sbrai-app-backend-FIXED/vendor/symfony/console/Application.php(1117): Illuminate/Console/Command->run()
#16 C:/Users/kings/Downloads/sbrai-app-backend-FIXED/vendor/symfony/console/Application.php(356): Symfony/Component/Console/Application->doRunCommand()
#17 C:/Users/kings/Downloads/sbrai-app-backend-FIXED/vendor/symfony/console/Application.php(195): Symfony/Component/Console/Application->doRun()
#18 C:/Users/kings/Downloads/sbrai-app-backend-FIXED/vendor/laravel/framework/src/Illuminate/Foundation/Console/Kernel.php(198): Symfony/Component/Console/Application->run()
#19 C:/Users/kings/Downloads/sbrai-app-backend-FIXED/vendor/laravel/framework/src/Illuminate/Foundation/Application.php(1235): Illuminate/Foundation/Console/Kernel->handle()
#20 C:/Users/kings/Downloads/sbrai-app-backend-FIXED/artisan(13): Illuminate/Foundation/Application->handleCommand()
#21 {main}

[previous exception] [object] (PDOException(code: HY000): SQLSTATE[HY000]: General error: 1 no such table: cache at C:/Users/kings/Downloads/sbrai-app-backend-FIXED/vendor/laravel/framework/src/Illuminate/Database/Connection.php:592)
[stacktrace]
#0 C:/Users/kings/Downloads/sbrai-app-backend-FIXED/vendor/laravel/framework/src/Illuminate/Database/Connection.php(592): PDO->prepare()
#1 C:/Users/kings/Downloads/sbrai-app-backend-FIXED/vendor/laravel/framework/src/Illuminate/Database/Connection.php(812): Illuminate/Database/Connection->{closure:Illuminate/Database/Connection::affectingStatement():584}()
#2 C:/Users/kings/Downloads/sbrai-app-backend-FIXED/vendor/laravel/framework/src/Illuminate/Database/Connection.php(779): Illuminate/Database/Connection->runQueryCallback()
#3 C:/Users/kings/Downloads/sbrai-app-backend-FIXED/vendor/laravel/framework/src/Illuminate/Database/Connection.php(584): Illuminate/Database/Connection->run()
#4 C:/Users/kings/Downloads/sbrai-app-backend-FIXED/vendor/laravel/framework/src/Illuminate/Database/Connection.php(548): Illuminate/Database/Connection->affectingStatement()
#5 C:/Users/kings/Downloads/sbrai-app-backend-FIXED/vendor/laravel/framework/src/Illuminate/Database/Query/Builder.php(4024): Illuminate/Database/Connection->delete()
#6 C:/Users/kings/Downloads/sbrai-app-backend-FIXED/vendor/laravel/framework/src/Illuminate/Cache/DatabaseStore.php(422): Illuminate/Database/Query/Builder->delete()
#7 C:/Users/kings/Downloads/sbrai-app-backend-FIXED/vendor/laravel/framework/src/Illuminate/Cache/Repository.php(792): Illuminate/Cache/DatabaseStore->flush()
#8 C:/Users/kings/Downloads/sbrai-app-backend-FIXED/vendor/laravel/framework/src/Illuminate/Cache/Console/ClearCommand.php(69): Illuminate/Cache/Repository->__call()
#9 C:/Users/kings/Downloads/sbrai-app-backend-FIXED/vendor/laravel/framework/src/Illuminate/Container/BoundMethod.php(36): Illuminate/Cache/Console/ClearCommand->handle()
#10 C:/Users/kings/Downloads/sbrai-app-backend-FIXED/vendor/laravel/framework/src/Illuminate/Container/Util.php(43): Illuminate/Container/BoundMethod::{closure:Illuminate/Container/BoundMethod::call():35}()
#11 C:/Users/kings/Downloads/sbrai-app-backend-FIXED/vendor/laravel/framework/src/Illuminate/Container/BoundMethod.php(95): Illuminate/Container/Util::unwrapIfClosure()
#12 C:/Users/kings/Downloads/sbrai-app-backend-FIXED/vendor/laravel/framework/src/Illuminate/Container/BoundMethod.php(35): Illuminate/Container/BoundMethod::callBoundMethod()
#13 C:/Users/kings/Downloads/sbrai-app-backend-FIXED/vendor/laravel/framework/src/Illuminate/Container/Container.php(696): Illuminate/Container/BoundMethod::call()
#14 C:/Users/kings/Downloads/sbrai-app-backend-FIXED/vendor/laravel/framework/src/Illuminate/Console/Command.php(213): Illuminate/Container/Container->call()
#15 C:/Users/kings/Downloads/sbrai-app-backend-FIXED/vendor/symfony/console/Command/Command.php(341): Illuminate/Console/Command->execute()
#16 C:/Users/kings/Downloads/sbrai-app-backend-FIXED/vendor/laravel/framework/src/Illuminate/Console/Command.php(182): Symfony/Component/Console/Command/Command->run()
#17 C:/Users/kings/Downloads/sbrai-app-backend-FIXED/vendor/symfony/console/Application.php(1117): Illuminate/Console/Command->run()
#18 C:/Users/kings/Downloads/sbrai-app-backend-FIXED/vendor/symfony/console/Application.php(356): Symfony/Component/Console/Application->doRunCommand()
#19 C:/Users/kings/Downloads/sbrai-app-backend-FIXED/vendor/symfony/console/Application.php(195): Symfony/Component/Console/Application->doRun()
#20 C:/Users/kings/Downloads/sbrai-app-backend-FIXED/vendor/laravel/framework/src/Illuminate/Foundation/Console/Kernel.php(198): Symfony/Component/Console/Application->run()
#21 C:/Users/kings/Downloads/sbrai-app-backend-FIXED/vendor/laravel/framework/src/Illuminate/Foundation/Application.php(1235): Illuminate/Foundation/Console/Kernel->handle()
#22 C:/Users/kings/Downloads/sbrai-app-backend-FIXED/artisan(13): Illuminate/Foundation/Application->handleCommand()
#23 {main}
"} 
